54668,I
50176,
34262,The
23460,Hagel
18564,He
10812,time
10200,club
9993,David
9792,review
9588,I'm
9586,It
9585,But
9179,deal
9177,news
8568,defence
8566,think
8557,Cameron
8359,This
7956,going
7956,know
7956,new
7956,QPR
7344,play
7140,transfer
6936,day
6936,way
6936,spending
6935,A
6732,team
6732,striker
6731,We
6725,minister
6528,sign
6528,season
6324,good
6120,loan
6120,players
5916,City
5916,signed
5916,It's
5915,make
5712,work
5712,year
5712,signing
5711,Sky
5710,years
5709,week
5508,player
5495,Afriyie
5304,Peter
5304,Israel
5303,In
5301,party
5100,And
5100,I've
5100,today
5100,football
5099,really
4896,Iran
4895,Graham
4692,budget
4692,Stoke
4692,As
4692,If
4692,England
4692,people
4692,car
4690,bid
4687,prime
4488,US
4488,far
4488,second
4488,Butland
4488,Samba
4488,What
4486,London
4486,want
4484,support
4284,window
4284,asks
4284,man
4080,Norwich
4080,deadline
4080,asked
4080,sure
4080,January
4080,best
4080,Jim
4080,He's
4079,world
4079,past
3876,Birmingham
3875,place
3871,vote
3866,campaign
3672,game
3672,contract
3672,saying
3672,Manchester
3672,Road
3672,big
3670,One
3468,There
3468,look
3468,military
3468,Tottenham
3468,White
3468,Premier
3468,PSG
3468,League
3468,Odemwingie
3467,That
3467,right
3467,great
3467,country
3467,summer
3264,They
3264,ball
3264,things
3264,Arsenal
3264,questions
3264,played
3264,left
3264,press
3264,record
3264,Harry
3264,live
3264,given
3264,goalkeeper
3264,clear
3264,clubs
3264,manager
3263,thing
3258,MPs
3060,Liverpool
3060,No
3060,outside
3060,Beckham
3060,lot
3060,McCain
3060,Newcastle
3060,told
3060,New
3060,film
3060,Redknapp
3060,Hagel's
3060,bit
2856,Republican
2856,business
2856,end
2856,So
2856,defense
2856,Paul
2856,real
2856,You
2856,report
2856,high
2856,That's
2856,Loftus
2856,months
2856,Cruz
2856,Everton
2856,strong
2856,set
2856,secretary
2855,hearing
2652,better
2652,Sen
2652,stand
2652,cuts
2652,Villa
2652,Reed
2652,John
2652,point
2652,words
2652,Sports
2652,statement
2652,department
2652,continue
2652,2013
2652,George
2652,case
2651,quite
2651,old
2651,thought
2650,government
2650,2015
2448,taking
2448,question
2448,Senator
2448,Is
2448,Mr
2448,France
2448,fan
2448,person
2448,money
2448,search
2448,line
2448,pay
2448,playing
2448,performance
2448,goal
2448,Damio
2447,hard
2447,need
2447,win
2447,course
2447,confirmed
2447,wrong
2447,working
2446,heard
2446,leader
2445,MP
2444,Adam
2444,believe
2441,Tory
2244,half
2244,start
2244,called
2244,On
2244,decision
2244,terms
2244,force
2244,late
2244,opportunity
2244,For
2244,West
2244,according
2244,There's
2244,Jenas
2244,His
2244,Jack
2244,offer
2244,director
2244,Tony
2244,making
2244,Christopher
2244,medical
2244,Steve
2244,syphilis
2244,took
2244,OMG
2244,squad
2244,French
2244,ago
2244,run
2244,Lowe
2244,makes
2243,chairman
2242,election
2242,member
2241,moment
2040,Gary
2040,cut
2040,Hooper
2040,Danny
2040,possible
2040,training
2040,forward
2040,Here's
2040,leave
2040,Brazil
2040,war
2040,fee
2040,looking
2040,head
2040,seen
2040,Jobs
2040,Jewish
2040,Townsend
2040,Chelsea
2040,United
2040,Ryan
2040,lobby
2040,Michael
2040,went
2040,away
2040,experience
2040,Chris
2040,Jessops
2040,prepared
2040,Celtic
2040,Thursday
2040,ground
2040,Daniel
2040,Wolves
2040,McLaren
2040,2010
2040,Guardian
2040,Andy
2040,writes
2040,Hodgson
2040,couple
2040,future
2040,little
2040,change
2040,story
2039,expected
2039,actually
2039,problem
2039,News
1836,role
1836,coach
1836,times
1836,worked
1836,reported
1836,short
1836,10
1836,word
1836,hands
1836,agreed
1836,Meanwhile
1836,To
1836,content
1836,help
1836,Inhofe
1836,committee
1836,happy
1836,action
1836,Vietnam
1836,international
1836,fans
1836,Fulham
1836,following
1836,expect
1836,opening
1836,paid
1836,Sunderland
1836,added
1836,nuclear
1836,equipment
1836,quality
1836,include
1836,talks
1836,website
1836,Leicester
1836,turned
1836,Bowl
1836,days
1836,surge
1836,2011
1836,home
1836,Gove
1836,commitment
1836,public
1836,round
1836,currently
1836,increase
1836,Aston
1836,Wednesday
1836,chance
1836,drama
1835,including
1835,try
1835,Committee
1835,looks
1835,come
1835,ahead
1835,position
1835,large
1834,confidence
1833,group
1632,women
1632,All
1632,Are
1632,use
1632,20
1632,Do
1632,sanctions
1632,Or
1632,brand
1632,Kate
1632,201516
1632,deals
1632,president
1632,value
1632,unlikely
1632,Park
1632,weeks
1632,takes
1632,national
1632,corner
1632,plays
1632,When
1632,While
1632,policy
1632,bringing
1632,pace
1632,month
1632,sense
1632,senators
1632,Mario
1632,leading
1632,supporter
1632,league
1632,Blackburn
1632,Twelvetrees
1632,Paris
1632,Jones
1632,cases
1632,Leeds
1632,service
1632,Not
1632,Chuck
1632,serve
1632,true
1632,statements
1632,terrorist
1632,Beyonc
1632,getting
1632,office
1632,Andros
1632,Becchio
1631,Simon
1631,small
1631,rise
1631,coming
1627,candidate
1428,1
1428,turn
1428,v
1428,gone
1428,Wigan
1428,tell
1428,stage
1428,She
1428,later
1428,released
1428,star
1428,agent
1428,50
1428,education
1428,tried
1428,financial
1428,Oh
1428,wanted
1428,Scott
1428,fax
1428,Day
1428,gave
1428,email
1428,chair
1428,potential
1428,debut
1428,Well
1428,Lancaster
1428,free
1428,face
1428,Gad
1428,Balotelli
1428,close
1428,post
1428,looked
1428,completed
1428,worth
1428,views
1428,works
1428,break
1428,different
1428,lead
1428,Letters
1428,Adfero
1428,Belichick
1428,Luciano
1428,Cole
1428,Middlesbrough
1428,feel
1428,Iraq
1428,defender
1428,music
1428,professional
1428,helicopter
1428,determined
1428,songs
1428,used
1428,deserves
1428,clarify
1428,starting
1428,conference
1428,Cameron's
1428,Jermaine
1428,senator
1428,fantastic
1428,relegation
1428,Africa
1428,offers
1428,apparently
1428,trying
1428,hope
1428,games
1428,movie
1428,came
1428,target
1428,matches
1428,bad
1428,midfielder
1428,fresh
1428,autumn
1428,managed
1428,figure
1427,15
1427,young
1427,supporters
1427,reason
1427,talking
1427,2014
1427,Mark
1427,Boris
1426,Brady
1426,failed
1426,members
1426,leadership
1425,number
1224,exciting
1224,Then
1224,state
1224,hours
1224,QPR's
1224,impact
1224,term
1224,company
1224,attempt
1224,Nacho
1224,credit
1224,threat
1224,12
1224,21
1224,4m
1224,lost
1224,near
1224,At
1224,official
1224,special
1224,Spurs
1224,Im
1224,television
1224,happened
1224,Fidlar
1224,excited
1224,Anzhi
1224,form
1224,appeared
1224,Ashley
1224,political
1224,contest
1224,Jamie
1224,signings
1224,proud
1224,Championship
1224,Kevin
1224,heading
1224,names
1224,land
1224,Nugent
1224,Should
1224,Washington
1224,history
1224,answer
1224,quotes
1224,I'd
1224,foreign
1224,bench
1224,confident
1224,read
1224,touch
1224,using
1224,Osborne
1224,Ham
1224,Kutcher
1224,nomination
1224,Shard
1224,important
1224,job
1224,brought
1224,scene
1224,Monreal
1224,size
1224,clause
1224,refused
1224,Fernandes
1224,With
1224,presumably
1224,men
1224,met
1224,goals
1224,believed
1224,Street
1224,fully
1224,Falls
1224,girls
1224,issue
1224,fight
1224,pretty
1224,speaking
1224,Thomas
1224,chancellor
1224,life
1224,More
1224,list
1224,chief
1224,Now
1224,asking
1224,light
1224,trip
1224,comes
1224,passed
1224,return
1224,inside
1224,Anna
1224,terrorism
1224,Thanks
1224,Songs
1224,air
1224,chiefs
1224,view
1224,Super
1224,Tories
1224,personal
1224,Germany
1224,halftime
1224,table
1224,son
1224,highly
1224,Downing
1224,idea
1224,Veronica
1223,telling
1223,reporter
1223,ridiculous
1223,waiting
1223,fact
1223,open
1223,mayor
1223,Sunday
1223,challenge
1222,veteran
1220,backbencher
1220,Westminster
1020,room
1020,struck
1020,markets
1020,direction
1020,Obama
1020,starts
1020,Negredo
1020,Pinter's
1020,staff
1020,bands
1020,subject
1020,Reading
1020,meaning
1020,Brazilian
1020,band
1020,13
1020,19
1020,industry
1020,remember
1020,30
1020,numbers
1020,love
1020,instead
1020,stop
1020,slightly
1020,My
1020,PM
1020,Cup
1020,journalists
1020,plan
1020,From
1020,needs
1020,rate
1020,Patriots
1020,James
1020,single
1020,ruled
1020,I'll
1020,held
1020,continues
1020,power
1020,sound
1020,security
1020,follow
1020,reports
1020,lack
1020,Unfortunately
1020,named
1020,earlier
1020,beating
1020,video
1020,early
1020,Stephen
1020,Hotspur
1020,twice
1020,Levy
1020,showed
1020,Does
1020,Away
1020,fail
1020,replacement
1020,Mike
1020,joining
1020,Crouch
1020,Worlds
1020,taken
1020,Leandro
1020,Yes
1020,shot
1020,Dunne
1020,rest
1020,afternoon
1020,How
1020,jobs
1020,Sawyer
1020,LFEPA
1020,decent
1020,interesting
1020,backed
1020,regular
1020,Saunders
1020,biggest
1020,ambitious
1020,night
1020,Services
1020,centre
1020,minutes
1020,dont
1020,Button
1020,Palace
1020,Wozniak
1020,Shorter
1020,definitely
1020,believes
1020,technical
1020,mistake
1020,week's
1020,release
1020,judge
1020,tone
1020,net
1020,Ireland
1020,Hunter
1020,Milan
1020,mayoral
1020,risk
1020,shirt
1020,market
1020,trouble
1020,Although
1020,practice
1020,Alex
1020,Wenger
1020,ensure
1020,cool
1020,consequences
1020,proposed
1020,Levin
1020,stories
1020,protected
1020,Boyd
1020,faces
1020,Paddy
1020,violence
1020,playlist
1020,despite
1020,giving
1020,latest
1020,BONG
1020,consider
1020,absolutely
1020,general
1020,Marseille
1020,hold
1020,talk
1020,Taylor
1020,song
1020,Google
1020,hour
1020,ranking
1020,Blackpool
1020,reasons
1020,price
1020,space
1020,Apparently
1020,score
1020,Maybe
1020,calling
1020,add
1020,age
1020,dumb
1020,misselling
1020,ask
1020,organisation
1020,Crystal
1020,caps
1020,transfers
1020,speculation
1020,kind
1020,Nations
1020,album
1020,simply
1020,boys
1020,symptoms
1020,joined
1020,battle
1020,President
1020,stands
1020,Something
1020,box
1020,secondary
1020,13m
1020,higher
1020,Mercedes
1019,Sir
1019,known
1019,Ed
1019,Of
1019,central
1019,Conservative
1019,secure
1019,comment
1019,expressed
1019,level
1019,seeing
1019,struggle
1019,replace
1019,Labour
1018,means
1018,letters
1018,safe
1016,credible
816,2
816,Chained
816,straight
816,tie
816,Afghanistan
816,Richard
816,owns
816,circumstances
816,Rob
816,Roy
816,Dominic
816,Stoke's
816,probably
816,Morison
816,paying
816,actual
816,finance
816,required
816,We've
816,final
816,Six
816,Doyle
816,pitch
816,filmed
816,main
816,Bob
816,likes
816,Democratic
816,singing
816,long
816,relationship
816,Ward
816,Time
816,speed
816,5m
816,Iranian
816,winning
816,Belgium
816,spent
816,Ted
816,appropriate
816,DC
816,evidence
816,Bardsley
816,lines
816,kicks
816,happens
816,wanting
816,turns
816,Tom
816,Natalie
816,Knockaert
816,remain
816,RR
816,TV
816,administration
816,superb
816,Jonathan
816,Den
816,Waiting
816,reduction
816,voted
816,Did
816,interview
816,piece
816,watching
816,plot
816,England's
816,ability
816,belief
816,picked
816,Real
816,plus
816,Shea
816,seat
816,bells
816,started
816,gay
816,compensation
816,proIsrael
816,sent
816,Zealand
816,send
816,Having
816,returned
816,Global
816,area
816,focus
816,approach
816,musical
816,champion
816,wait
816,guy
816,particularly
816,Hodge
816,extra
816,entirely
816,impossible
816,Fax
816,consistent
816,mean
816,delighted
816,Eisler
816,Southampton
816,Stones
816,Davies
816,concerned
816,opponent
816,difficult
816,forget
816,certainly
816,Orleans
816,Prez
816,vital
816,fair
816,appearance
816,finished
816,paper
816,excellent
816,Jackson
816,article
816,'Arry
816,previously
816,tough
816,Miss
816,local
816,decisions
816,Defense
816,points
816,Rangers
816,Irish
816,unilateral
816,crisis
816,America
816,offered
816,North
816,signs
816,wearing
816,join
816,tournament
816,missed
816,South
816,Makhachkala
816,joke
816,powers
816,scored
816,episode
816,behalf
816,Ian
816,Brunel
816,confirm
816,fourth
816,coverage
816,ones
816,Stuart
816,Lyon
816,US's
816,thank
816,Ive
816,Jacob
816,managers
816,Bentley
816,Jay
816,led
816,Barnsley
816,Deeley
816,involved
816,fellow
816,launched
816,zone
816,Joe
816,City's
816,wildly
816,earn
816,regarding
816,articles
816,Even
816,terrible
816,eurozone
816,character
816,boost
816,Dragons'
816,middle
816,forced
816,felt
816,incredible
816,Wembley
816,capture
816,moving
816,happening
816,June
816,wrote
816,Benjamin
816,insist
816,family
816,career
816,similar
816,potato
816,maybe
816,Palestinians
816,Martin
816,Jennifer
816,town
816,thoughts
816,Without
816,certain
816,keen
816,Lewis
816,management
816,Man
816,complete
816,claim
816,remarks
816,strategic
816,States
816,buying
816,Twitter
816,Billy
816,leftback
816,Happen
816,Those
816,blow
816,core
816,Senate
816,note
816,allowing
816,European
816,Sewell
816,bought
816,Nez
816,Wales
816,Thank
816,emerging
816,gives
816,standing
816,crimes
816,Zero
816,desire
816,major
816,managing
816,aortic
816,Brian
816,train
816,2012
816,tracks
816,Good
816,VillasBoas
816,Rory
816,clients
816,prospect
816,evening
816,selected
816,heart
816,appears
816,writer
816,update
816,wonder
816,event
816,reference
816,arrival
816,nominee
816,moved
816,Weill
816,Brek
816,businesses
816,spot
816,impressed
816,Brom
816,midfield
816,kick
816,Warnock
816,HSBC
816,absence
816,club's
816,described
816,Media
816,Swansea
816,saw
816,submitted
816,ministers
816,rumours
816,100000
816,Scotland
816,capable
816,sit
816,living
816,begin
816,Alvaro
816,100
816,interviews
816,15m
816,backing
816,successful
816,growing
815,unlike
815,grounds
815,preparing
815,write
815,events
815,exposed
815,Johnson
815,poll
815,fortune
815,Britannia
815,significant
815,style
815,plans
815,leaders
815,pair
815,pass
815,mad
815,received
815,Oxford
815,Another
815,shadow
815,ratings
815,broke
815,Windsor
815,Margaret
814,triggered
814,parliamentary
814,rebels
612,BBC
612,pick
612,result
612,opposition
612,Ref
612,rendition
612,Scharner
612,permit
612,order
612,woman
612,famous
612,implications
612,Any
612,effective
612,comments
612,respond
612,Fifield
612,offering
612,Sweden
612,accused
612,summer's
612,memory
612,house
612,stars
612,Rennes
612,specifically
612,blown
612,friendly
612,possession
612,song's
612,shows
612,keeps
612,San
612,built
612,heavily
612,grasp
612,Ben
612,returning
612,test
612,players'
612,hoping
612,Torres
612,18
612,25
612,troubling
612,Secretary
612,needed
612,common
612,Malaga's
612,Smith
612,lose
612,inequality
612,8m
612,gender
612,Can
612,Beam
612,February
612,attacking
612,allowed
612,understanding
612,Al
612,An
612,By
612,DJ
612,125m
612,FC
612,Editorial
612,private
612,roles
612,engine
612,tries
612,weapons
612,brass
612,driving
612,flyhalf
612,ensemble
612,rated
612,Perhaps
612,Ok
612,monitoring
612,Villa's
612,remains
612,huge
612,Up
612,race
612,Sorry
612,Pearson
612,study
612,Algiers
612,sides
612,option
612,politics
612,unexpected
612,losing
612,fit
612,panic
612,Twickenham
612,charge
612,du
612,won
612,contrast
612,inflation
612,la
612,suggests
612,locked
612,families
612,increasingly
612,nation
612,downfall
612,recent
612,suggesting
612,breakthrough
612,argue
612,Mittal
612,phase
612,teams
612,north
612,continued
612,ended
612,criminal
612,rejected
612,Tuilagi
612,anthem
612,Social
612,correct
612,Treasury
612,success
612,mobile
612,delivered
612,entire
612,dismiss
612,documentary
612,tonight
612,suits
612,charity
612,However
612,policies
612,Once
612,wave
612,yesterday
612,yes
612,wages
612,smart
612,ways
612,hit
612,Who
612,Why
612,reveals
612,sounds
612,Times
612,attendance
612,court
612,hot
612,Monday
612,enjoying
612,vision
612,beginning
612,School
612,Clermont
612,deliver
612,problems
612,saner
612,Clift
612,Coutinho
612,presentation
612,discussions
612,stepping
612,valve
612,steel
612,nice
612,Doni
612,poor
612,providing
612,linked
612,fast
612,organised
612,production
612,Club
612,pushed
612,Sources
612,shed
612,Orchestra
612,demand
612,popular
612,repeated
612,worse
612,leaving
612,emails
612,Hes
612,Gregg
612,largely
612,guard
612,Defence
612,Samba's
612,sponsor
612,Warner
612,sheer
612,adds
612,original
612,gets
612,rubbish
612,lucky
612,sources
612,falls
612,Moyes
612,roots
612,film's
612,Rollup
612,backs
612,strengthen
612,injury
612,available
612,extreme
612,especially
612,British
612,technology
612,wear
612,restart
612,Asked
612,site
612,assets
612,accepted
612,interim
612,arsenal
612,country's
612,relegated
612,McDermott
612,fifth
612,Its
612,Waverley
612,cheek
612,Dorsett
612,considering
612,Stadium
612,spoken
612,dollars
612,unable
612,Barry
612,page
612,studio
612,backpass
612,Sessions
612,Lambert
612,clarified
612,prop
612,meant
612,clip
612,quick
612,Like
612,particular
612,August
612,Will
612,Philippe
612,profile
612,senior
612,October
612,mind
612,unilaterally
612,brings
612,Tottenham's
612,Lopez
612,Shaun
612,legitimate
612,skin
612,targets
612,feet
612,Guardian's
612,ideal
612,comedy
612,Hoffenheim
612,speeches
612,depicted
612,exactly
612,stick
612,year's
612,wonderful
612,fell
612,supports
612,appear
612,project
612,whisky
612,roughly
612,First
612,allow
612,Cirque
612,proper
612,enjoy
612,urticaria
612,desperate
612,agreement
612,Wolverhampton
612,female
612,Whitmarsh
612,Home
612,Sussex
612,praise
612,referred
612,thousands
612,Just
612,Some
612,driver
612,media
612,Jermain
612,remainder
612,shift
612,Bomba
612,tour
612,Queens
612,imagine
612,string
612,Pochettino
612,Tuesday
612,Hopefully
612,survival
612,IRGC
612,bring
612,Armed
612,Wayne
612,metaphor
612,Brendan
612,correspondent
612,significantly
612,lower
612,Okocha
612,Israeli
612,camera
612,edge
612,Jazeera
612,chosen
612,expand
612,praised
612,examples
612,Either
612,data
612,Most
612,blog
612,development
612,penalty
612,team's
612,groups
612,wins
612,flight
612,achieve
612,yellow
612,arrived
612,discuss
612,Campbell
612,Dean
612,rivals
612,night's
612,Leonardo
612,Sergio
612,amended
612,period
612,confirmation
612,injured
612,Net
612,Williams
612,followed
612,interested
612,began
612,Bullhead
612,Pastorals
612,guilty
612,options
612,questioning
612,permanent
612,choice
612,appointment
612,Franaix
612,rugby
612,process
612,knowledge
612,happen
612,mainstream
612,negotiated
612,Readers
612,tells
612,Sako
612,series
612,2009
612,2003
612,owner
612,sold
612,solo
612,2020
612,hole
612,winger
612,owned
612,executive
612,stadium
612,tabled
612,samesex
612,machine
612,reviews
612,fine
612,Have
612,sort
612,writers
612,online
612,Forest
612,Old
612,outfit
612,prominent
612,Internacional
612,reputation
612,leaves
612,celebrate
612,collection
612,announced
612,hopes
612,holding
612,moments
612,Nigel
612,trade
612,sorry
612,Carlos
612,speak
612,inauguration
612,Sevilla
612,Nunn
612,favour
612,Bank
612,Manu
612,Pro
612,statistic
612,Christmas
612,book
612,edition
612,firstteam
612,PwC
612,cash
612,accounts
612,Britten's
612,sequester
612,depiction
612,haggle
612,clashes
612,greatly
612,facing
612,reiterates
612,column
612,admiration
612,avoid
612,songwriting
612,recommendation
612,thanks
612,animals
612,Neil
612,pricey
612,Earthquakes
612,Andre
612,scandal
612,horrible
612,10m
612,morning
612,conditions
612,offensive
612,manages
612,Mauricio
612,buy
612,weather
612,elements
612,ugly
612,tax
612,carried
611,Others
611,barely
611,46
611,economy
611,immediately
611,severe
611,inevitable
611,limits
611,Harold
611,explains
611,ready
611,improve
611,1922
611,automatically
611,necessarily
611,greeted
611,act
611,Many
611,weekend
610,Anthony
610,launching
610,remove
610,disclosure
408,costing
408,hall
408,Ray
408,salary
408,tea
408,33man
408,Domingo
408,click
408,lineout
408,hand
408,eating
408,blood
408,Red
408,information
408,100k
408,suffered
408,informative
408,wacky
408,provided
408,Surely
408,suitably
408,multiple
408,tweet
408,Rio
408,cancer
408,Rugby
408,illustrates
408,chills
408,block
408,reform
408,Schmeichel's
408,faxes
408,scrap
408,surname
408,casting
408,shorts
408,spirit
408,picture
408,regard
408,Rmy
408,pipe
408,Plus
408,200
408,Attwell
408,Their
408,freshness
408,beautiful
408,Apple's
408,Ligue
408,Head
408,picks
408,worried
408,purple
408,cabinet
408,25m
408,domestic
408,enlisted
408,assume
408,concept
408,fallen
408,reducing
408,truths
408,catalogues
408,gallery
408,inemerging
408,coast
408,requires
408,O'Dea
408,Given
408,unknown
408,performer
408,performed
408,Toulouse
408,shrapnel
408,water
408,stays
408,formal
408,Sam
408,melodies
408,critical
408,PM's
408,regulars
408,areas
408,electronica
408,banks
408,Here
408,mentions
408,Pertii
408,influential
408,ambassadors
408,quartet
408,die
408,believing
408,tweets
408,Darren
408,bookies
408,forgotten
408,possibly
408,remained
408,strap
408,publicly
408,University
408,occasion
408,ignore
408,length
408,concerns
408,lunch
408,December
408,warned
408,Clegg
408,knows
408,Spain
408,Bakowski
408,strip
408,Wanderers
408,Capoue
408,Edinburgh
408,included
408,opposed
408,Brighton
408,questioned
408,commit
408,organisation's
408,11
408,boxes
408,14
408,17
408,Lane
408,Sun
408,Goehr
408,22
408,Eisler's
408,31
408,highprofile
408,33
408,releases
408,stay
408,2m
408,Australia
408,40
408,seeks
408,treat
408,3m
408,surprise
408,admitted
408,complaints
408,invited
408,Prime
408,Bye
408,Every
408,revolt
408,Tigers
408,tribute
408,loss
408,Steinberg
408,exceptional
408,Steven
408,mate
408,eat
408,reward
408,gathering
408,lots
408,HERE
408,spend
408,anticipate
408,exception
408,sufficiently
408,staying
408,laptop
408,ofnbspthe
408,agrees
408,AC
408,Discover
408,version
408,Where
408,wouldnt
408,Machine
408,unfriendly
408,Tim
408,assessment
408,newspapers
408,EU
408,Deeley's
408,During
408,precisely
408,Looking
408,HQ
408,Wilfried
408,shape
408,Sky's
408,IS
408,Id
408,Bell
408,singer
408,share
408,1397m
408,choreographed
408,Hughton
408,screen
408,finest
408,Me
408,running
408,Hamilton
408,chose
408,OK
408,anoraks
408,strategy
408,Pa
408,represented
408,countries
408,Two
408,guarantee
408,black
408,sixyard
408,Scots
408,St
408,features
408,openly
408,UK
408,UN
408,leads
408,Delap
408,barometer
408,grew
408,Trust
408,bothered
408,They've
408,quickly
408,issues
408,stuck
408,issued
408,comfortable
408,memories
408,Nice
408,rumoured
408,outgoings
408,They're
408,produced
408,effect
408,producer
408,topic
408,died
408,diet
408,attention
408,Bordeaux
408,deaths
408,addition
408,doubts
408,grow
408,folk
408,Transfer
408,systems
408,foot
408,scoring
408,keeping
408,familiar
408,partner
408,attacks
408,rare
408,criticism
408,expansive
408,prosperity
408,Post
408,Marler
408,Marching
408,threeandahalf
408,zing
408,talked
408,rock'n'roll
408,suggestion
408,knee
408,fun
408,Brecht
408,Biden
408,windup
408,feeling
408,entry
408,dream
408,possesses
408,seal
408,mixed
408,55m
408,sitting
408,inexperienced
408,Redknapp's
408,inevitably
408,month's
408,strengthening
408,origins
408,maintains
408,monster
408,teammate
408,closed
408,joins
408,You've
408,children's
408,Revolutionary
408,changes
408,frustrating
408,WBA
408,previous
408,reading
408,Sturridge
408,Emanuelson
408,troops
408,hell
408,Robbie
408,deeply
408,nails
408,elections
408,props
408,Films
408,Roger
408,snaps
408,addressed
408,regret
408,scale
408,hero
408,chaplain
408,station
408,earning
408,Carcassonne
408,introduced
408,Charlie
408,Nelsen
408,audience
408,500000
408,anybody
408,Woking
408,weekly
408,Thomas's
408,committed
408,sets
408,ambition
408,authority
408,Sheffield
408,shocking
408,Wolff
408,negotiations
408,Frasier
408,Apple
408,Cramps
408,60s
408,considered
408,FSA
408,wage
408,understand
408,upbeat
408,million
408,strongly
408,despair
408,Americas
408,Andrew's
408,instant
408,consequence
408,inconsistent
408,Franaix's
408,Lauda
408,Charles
408,basis
408,combat
408,High
408,outfield
408,conduct
408,wall
408,Jong
408,Everybody's
408,welcome
408,Dallas
408,disarmament
408,tragedy
408,Spotify
408,school
408,Colombia
408,allegedly
408,measure
408,effort
408,updates
408,colour
408,initially
408,Alivenbspas
408,alice
408,hes
408,House
408,terrific
408,teambyteam
408,reverse
408,Formula
408,beat
408,20130131T220000Z
408,belonged
408,Sylvester
408,agegroup
408,hospital
408,suggestions
408,anbspcheer
408,Gillibrand
408,assemble
408,promise
408,ofnbspthenbspguitar
408,count
408,Jobs's
408,confusion
408,featuring
408,Football
408,dropped
408,Leon
408,D'Arcy
408,acting
408,Marquee
408,London's
408,Palermo
408,regardless
408,friends
408,Fuck
408,impressive
408,stern
408,Pray
408,defenders
408,Castro
408,fundamental
408,Don't
408,After
408,coordinated
408,Click
408,keeper
408,finding
408,Lindsey
408,rule
408,dramatic
408,Elegancia
408,Southampton's
408,mysterious
408,finishes
408,Banks'
408,Prof
408,wings
408,runs
408,Spanish
408,death
408,Premiership
408,Cambridgeshire
408,Jacques
408,String
408,farm
408,Bill
408,firmly
408,fate
408,Ince
408,aggressive
408,80s
408,Russian
408,finalised
408,respect
408,lyrics
408,Down
408,soprano
408,enjoyed
408,Williams's
408,85m
408,slack
408,Orient
408,sporting
408,86m
408,Estreo
408,Justice
408,thirdchoice
408,18month
408,banks'
408,April
408,Leroy
408,exclusive
408,letter
408,Great
408,disagreements
408,occasional
408,debate
408,worry
408,screaming
408,longer
408,signals
408,colleagues
408,selling
408,worst
408,Fell
408,Sterling
408,Yet
408,Tests
408,suddenly
408,Kurikka's
408,Green
408,assorted
408,purely
408,bilateral
408,Sunday's
408,luck
408,influence
408,phrase
408,daily
408,largest
408,pretending
408,player's
408,Gomes
408,Rickson's
408,Urby
408,customer
408,equivalent
408,Black
408,Syria
408,cinema
408,Sexton
408,drive
408,fixation
408,somewhat
408,developed
408,parts
408,Alexander
408,Weill's
408,farmer
408,Which
408,output
408,shareholder
408,judgement
408,reporters
408,Botafogo
408,composed
408,married
408,standout
408,antiIsrael
408,Europe
408,misstated
408,EbanksBlake
408,squads
408,disrupting
408,Renwick
408,freelance
408,accept
408,'love
408,Hamburg
408,referring
408,intake
408,key
408,launch
408,unusual
408,accountancy
408,headlines
408,hint
408,world's
408,compromise
408,teeth
408,Soleil
408,footballing
408,impress
408,observation
408,highlights
408,bombs
408,tonbspmake
408,sacked
408,raucous
408,Deadline
408,acknowledged
408,limited
408,studied
408,match
408,Jacky
408,narrative
408,Frenchman
408,notable
408,minds
408,quiet
408,Women's
408,resigned
408,address
408,Harris
408,police
408,surgery
408,hacks
408,check
408,supposed
408,society
408,ensuring
408,handling
408,ambitions
408,schools
408,Newcastle's
408,Tortured
408,respectively
408,matter
408,Syndrome
408,employed
408,west
408,raise
408,revert
408,conflicting
408,ceremony
408,technique
408,similarly
408,possibility
408,sport
408,leg
408,adviser
408,breathtaking
408,havent
408,pack
408,Elephants
408,perfectly
408,entertainment
408,situation
408,withdrawal
408,insurance
408,surely
408,Punk
408,chest
408,doubt
408,Zaha
408,develop
408,Graham's
408,1948
408,manage
408,titled
408,1968
408,today's
408,mayor's
408,wealth
408,performers
408,Canary
408,door
408,costars
408,strikers
408,economies
408,clarifies
408,directors'
408,York
408,principal
408,Ikeme
408,Witton
408,Television's
408,Note
408,Gomis
408,Obama's
408,Schoenaerts
408,retailer
408,Tropical
408,involve
408,woodwind
408,legal
408,Because
408,tackle
408,worthy
408,title
408,papers
408,continuation
408,Ravens'
408,Nottingham
408,relish
408,division
408,Director
408,served
408,grievances
408,Roman
408,Scylla
408,websites
408,fees
408,Berlin
408,Walker
408,pressure
408,fans'
408,physical
408,structure
408,unseat
408,patch
408,100cap
408,consistently
408,Corbisiero
408,Office
408,shared
408,PSG's
408,Ajax
408,Bullet
408,locks
408,Bouzid
408,Ayotte
408,William
408,forces
408,internet
408,Phillips
408,Judd
408,Asmir
408,attempts
408,Heurelho
408,appearances
408,naturally
408,writing
408,nation's
408,Edwards
408,cutting
408,expecting
408,unveiling
408,sequence
408,Fellaini
408,Mackie
408,ultimately
408,controversy
408,Everything
408,guess
408,returns
408,stretched
408,weird
408,discrimination
408,Carcassone
408,buildings
408,Little
408,rises
408,stretch
408,responsible
408,dating
408,Talk
408,riff
408,partnership
408,Gareth
408,19yearold
408,stores
408,pages
408,Dropped
408,specific
408,Lee
408,risks
408,engage
408,adroit
408,Leo
408,Let
408,decided
408,shoulder
408,dance
408,Academy
408,Clearly
408,mystery
408,regrets
408,recommend
408,disabled
408,expectations
408,Teenage
408,understood
408,supported
408,Adfero's
408,sinister
408,Guard
408,decrease
408,Miles
408,September
408,Blacks
408,Five
408,Chambliss
408,Loc
408,guises
408,lives
408,direct
408,modern
408,Superliga
408,Kelly
408,recordings
408,Jeff
408,board
408,muses
408,purist
408,Joost
408,dialogue
408,critics
408,Today
408,uses
408,innovation
408,Place
408,residual
408,Talking
408,oddly
408,teachers
408,confirms
408,class
408,Hytner
408,kept
408,promotion
408,decade
408,weaponry
408,guessing
408,Rangers'
408,wider
408,eventually
408,draw
408,Damiao
408,Caribbean
408,orchestra
408,NFL
408,follows
408,Leveson
408,Christian
408,exercised
408,promised
408,party's
408,activity
408,variety
408,pull
408,willing
408,Name
408,amazing
408,Beckham's
408,details
408,Today's
408,punk
408,region
408,euro
408,expects
408,Pulis
408,lies
408,Bond
408,intimidation
408,Moon
408,closing
408,Hagels
408,wife
408,zedded
408,Carl
408,push
408,lift
408,dare
408,mentioning
408,puts
408,onetime
408,reveal
408,World
408,King
408,serenade
408,Cotterill
408,link
408,Credit
408,regimes
408,lime
408,Also
408,begins
408,Junior
408,Lisbon
408,analysis
408,humble
408,independent
408,Libya
408,Morgan
408,concludes
408,speaks
408,combined
408,Knussen
408,strange
408,treasury
408,compiled
408,responded
408,perform
408,hopeless
408,Crane
408,Axonn
408,fourandahalfyear
408,Changing
408,rising
408,fruit
408,intended
408,machines
408,Francisco
408,meeting
408,shrewd
408,reality
408,Would
408,centrehalf
408,Yacouba
408,SoundCloud
408,funny
408,Andrea
408,No8
408,Duncan
408,disappointed
408,Sissoko
408,casualties
408,Kenny
408,hooker
408,genius
408,Danish
408,pub
408,striving
408,identified
408,grows
408,Kildea
408,wondering
408,Walid
408,disarm
408,offpiste
408,credentials
408,United's
408,glad
408,safer
408,National
408,jump
408,sparked
408,millions
408,farming
408,one's
408,emotional
408,PAC
408,tale
408,respect'
408,dedicated
408,2000
408,relatively
408,primarily
408,2008
408,2007
408,2005
408,offences
408,existing
408,print
408,sparkle
408,arguing
408,soon
408,hook
408,tape
408,heavy
408,Madrid
408,hardest
408,Hart
408,sings
408,Still
408,prise
408,favourite
408,occur
408,drove
408,transforming
408,tactics
408,soul
408,dangerous
408,flats
408,troubled
408,sought
408,fence
408,scream
408,firm
408,Department
408,enthusiastic
408,voiceover
408,global
408,Provide
408,unless
408,Team
408,operation
408,PSV
408,slept
408,rough
408,father
408,Nebraska
408,recognised
408,definition
408,uncle's
408,madness
408,sharpness
408,Munich
408,reduced
408,Out
408,Hammond
408,versions
408,Britten
408,Buried
408,Wozniak's
408,causes
408,fascinating
408,agenda
408,Gerrard
408,Rubin
408,prefer
408,spree
408,fading
408,cliches
408,Louis
408,Moneyball
408,track
408,Ruben
408,Tell
408,insisted
408,preexisting
408,quote
408,younger
408,endure
408,red
408,duck
408,20130131T210008Z
408,exchange
408,label
408,recorded
408,truth
408,Hoilett
408,Faletau
408,Bach
408,Minister
408,likelihood
408,defeat
408,Spurs'
408,movement
408,brains
408,expense
408,amp
408,equipped
408,row
408,crib
408,duly
408,suggested
408,collapse
408,Mali
408,sweater
408,anzhi
408,Make
408,Begovic
408,Albion
408,Murray
408,grace
408,ownership
408,partners
408,Music
408,consensual
408,officer
408,Betis
408,results
408,volunteer
408,kicking
408,defend
408,hijinks
408,Jeremy
408,mouth
408,Bath
408,discloses
408,Matt
408,cast
408,anxious
408,piano
408,slice
408,officials
408,Stallone
408,admired
408,saving
408,cars
408,phone
408,care
408,assault
408,Lots
408,born
408,Wicker
408,rightback
408,caged
408,Robert
408,mentioned
408,sat
408,Carlo
408,suffer
408,angry
408,Vitter
408,affect
408,dead
408,eyes
408,responsibility
408,Gloucester
408,completion
408,sample
408,finances
408,AFC
408,explained
408,brilliant
408,chuckles
408,obviously
408,convinced
408,reduce
408,satisfied
408,tomorrow
408,operate
408,viewer
408,Under21s
408,inquiry
408,hopefully
408,Palestine
408,corporate
408,Shotton
408,company's
408,boy
408,indiepop
408,Cent
408,Saturday
408,dynamics
408,encouraged
408,friend
408,Britain
408,actors
408,requested
408,Such
408,sum
408,serving
408,current
408,cartoon
408,amid
408,written
408,passion
408,Wales'
408,Rack
408,missing
408,Picamoles
408,normal
408,children
408,guide
408,longtime
408,natural
408,range
408,Rafa
408,tenure
408,goes
408,Diam
408,chances
408,departure
408,covering
408,Egypt
408,aware
408,targeting
408,marriage
408,cat
408,Mathieu
408,hail
408,efficacy
408,response
408,category
407,plotting
407,abilities
407,build
407,Tories'
407,secret
407,IT
407,shall
407,Royal
407,sounded
407,completely
407,placed
407,easily
407,winner
407,trigger
407,triggering
407,winners
407,prompted
407,crowd
407,realises
407,loses
407,notably
407,frontbencher
407,wounded
407,science
407,highlighted
407,handful
407,pop
407,struggled
407,20130131T210006Z
407,disappointment
407,Mail
407,Lord
407,120
406,'PMinwaiting'
406,Meyer
406,loyalist
406,superrich
406,startles
406,Field
406,plotters
204,Hurn
204,Rami
204,Western
204,photographers
204,culdesacs
204,Montserrat
204,teh
204,Didier
204,sake
204,counters
204,investment
204,betta'
204,avoidance
204,standards
204,Circular
204,3
204,6
204,7
204,8
204,17month
204,hang
204,C
204,roll
204,concede
204,N
204,R
204,Ella
204,rational
204,Center
204,lunchtime
204,Crusader
204,e
204,h
204,Nights
204,Stallone's
204,readers
204,officesnbspwere
204,obvious
204,y
204,Suso
204,Paphitis
204,powered
204,Again
204,keywords
204,Moutinho
204,McMahon
204,andnbspcellos
204,earthy
204,100m
204,til
204,copying
204,tip
204,owes
204,coauthored
204,Foot
204,sang
204,100000perweek
204,disguises
204,harm
204,disturbed
204,Cavani
204,rope
204,Correction
204,thatnbspmanifestations
204,provider
204,roof
204,1052
204,thumps
204,ranging
204,haggard
204,Blavatnik
204,Mansour's
204,Brocliande
204,Rufus
204,Eastbourne
204,SKY
204,pupils
204,terrifying
204,artistry
204,illuminates
204,flatmate
204,signatures
204,Eyong
204,Benzema
204,Kyriakos
204,performancerelated
204,promotional
204,Saxby
204,undignified
204,caressing
204,thisnbspalbum
204,Air
204,propose
204,remit
204,syphilitic
204,presses
204,city's
204,foraging
204,save
204,protection
204,frankly
204,syndrome
204,Hague
204,Dion
204,drugs
204,Four
204,whirlpool
204,Ale
204,ain't
204,'devout
204,cop
204,findings
204,Angela
204,Shelvey
204,rtowards
204,representative
204,Reserves
204,actress
204,Augsburg
204,conveniently
204,introducing
204,201920
204,Fernandes's
204,constitutes
204,alluding
204,Ron
204,Nadia
204,Landreau
204,faxed
204,Markham
204,200607
204,Ant
204,renowned
204,strikertastic
204,printers
204,bachelor
204,fistful
204,rows
204,balladry
204,incident
204,victim's
204,concert
204,touchline
204,Greeks
204,230
204,concern
204,232
204,We're
204,Theo
204,hughmuir
204,Michulike
204,probable
204,22m
204,Kerry
204,tonsils
204,Pardew's
204,creating
204,Angolaninflunced
204,BrazilianCeltic
204,reckons
204,sweeping
204,unoriginal
204,Group
204,Porto's
204,weighed
204,Cameroonian
204,Nicolas
204,251
204,Keane
204,chemists
204,mettle
204,attack
204,humour
204,ankle
204,windowinterview
204,UK's
204,forbidden
204,Greece's
204,replaced
204,Run
204,services
204,24m
204,Greens
204,abseiling
204,marketing
204,filling
204,antiLGBT
204,Bonehill
204,watch
204,huffs
204,reassess
204,flipflops
204,Manolev
204,tedious
204,famously
204,amends
204,lankhaired
204,Zuckerberg
204,stability
204,Jerusalem
204,widely
204,Diego
204,Bergamasco
204,surprising
204,These
204,shops
204,thumbs
204,Italian
204,rackety
204,Dennis
204,reneging
204,Emap
204,'The
204,Josling
204,rackets
204,Australianbspand
204,NewsReach
204,28m
204,tees
204,stylish
204,Recommend
204,Londoners
204,stash
204,abreast
204,1103pm
204,obstacles
204,consistency
204,Conference
204,climb
204,golden
204,enter
204,lavishlyremunerated
204,deemed
204,creative
204,Flying
204,eyebrows
204,newsworthy
204,shenanigans
204,Help
204,bright
204,planned
204,frivolous
204,earthrattling
204,mildly
204,Marchingnbspto
204,Dawkins
204,ante
204,innbspone
204,Porto
204,hanging
204,Hell
204,endorsement
204,shores
204,suspiciously
204,runaway
204,Prince
204,outlined
204,Sagna
204,celebrated
204,forcibly
204,pointing
204,1980s
204,Roma's
204,drinking
204,created
204,chortles
204,salesman
204,CBE
204,logistics
204,17thcentury
204,centreforward
204,tend
204,Fer's
204,sixteen
204,Fellnbspis
204,48th
204,therapy
204,Baf
204,hinged
204,colleague
204,Twente
204,lectured
204,alsonbspchairman
204,powerhouse
204,demands
204,presidents
204,Much
204,stunning
204,Towards
204,viewing
204,Otherwise
204,client's
204,finds
204,gangland
204,billowing
204,flushes
204,Space
204,shock
204,Parker
204,nabbed
204,paralysis
204,committees
204,Sea
204,buyer
204,Experience
204,See
204,treatment
204,Set
204,kerfuffle
204,choosing
204,feats
204,journal
204,nonequipment
204,Fisher
204,MBMer
204,hotel
204,acquisition
204,Buena
204,partly
204,Bev
204,1125
204,Beyonc's
204,complicated
204,waiter
204,desert
204,spotlight
204,quarter
204,Around
204,dangerously
204,divisions
204,adamant
204,livestock
204,fruition
204,paraded
204,CIA
204,journey
204,Maiga
204,'ritually
204,finally
204,31hour
204,dismissive
204,Sid
204,Arsne
204,toughest
204,virtual
204,Ribry
204,swaying
204,resisting
204,Lady
204,Sympathetic
204,load
204,underwhelming
204,14night
204,EXCLUSIVE
204,Big
204,advert
204,grand
204,Bit
204,AfroColombian
204,spokeswoman
204,qualified
204,helping
204,Muslim
204,stale
204,backbenchers
204,revealed
204,There'll
204,text
204,Rodgers
204,Conor
204,Sly
204,menace
204,dog
204,status
204,LA's
204,embarrassed
204,underlines
204,refusenik
204,showreel
204,Ngog
204,nurse
204,coalition
204,Blaise
204,Camlias
204,lacks
204,Sod
204,todays
204,spiritualjourneycumcampingweekend
204,shone
204,Pacific
204,comings
204,wastedness
204,Towsend
204,200708
204,Lancaster's
204,Zagreb
204,grain
204,Serie
204,waste
204,concentrates
204,bearing
204,includes
204,picking
204,Belgian
204,30m
204,shimmered
204,soloist
204,veterans
204,Tidy
204,Ekstra
204,absentees
204,uncommon
204,smoking
204,bald
204,eloquently
204,Anderson
204,pocketed
204,stake
204,freeing
204,conspired
204,Bakowsky
204,pumpkin
204,duo
204,2
204,psychological
204,inform
204,Matuidi
204,Brightside
204,wilfully
204,AR15
204,observes
204,entrenched
204,20130131T213001Z
204,palette
204,16
204,misjudged
204,fluent
204,Lang
204,allied
204,benefit
204,cracking
204,Estadio
204,highest
204,20130131T213002Z
204,affordnbspanbspbed
204,ministry
204,switching
204,nonbsplonger
204,24
204,worlds
204,26
204,participated
204,29
204,Vanmarsenille
204,35m
204,Lloyds
204,Sylla
204,profane
204,filmnbspstar
204,Loaned
204,stat
204,lolz
204,37
204,38
204,Ahead
204,36m
204,exploiting
204,entrepreneur
204,Bhoys
204,20130131T213000Z
204,inspire
204,increasing
204,Lloyd
204,49
204,seven
204,arena
204,Elliot
204,devoting
204,Last
204,swiftly
204,arent
204,bark
204,52
204,selfpossession
204,Giroud
204,seamonster
204,60
204,10bn
204,fessing
204,65
204,68
204,69
204,congenitally
204,multiinstrumentalists
204,apple
204,inquisitiveness
204,70
204,Lakshmi
204,apply
204,President's
204,Laudrup's
204,Zhang
204,reporter's
204,landing
204,6m
204,80
204,bask
204,19thcentury
204,mark
204,inked
204,base
204,repeats
204,trend
204,spotted
204,relate
204,routinely
204,7m
204,90
204,stealth
204,93
204,Child
204,16000
204,renting
204,irritating
204,wore
204,Amazon
204,stated
204,Hagan
204,extension
204,wasnbspgeneral
204,portraying
204,Youngs
204,Birth
204,leotards
204,qualifying
204,rushed
204,petering
204,solitude
204,juice
204,crispiest
204,insisting
204,monastery
204,devout
204,soldier
204,upsetting
204,Goudie
204,maze
204,Democrat
204,champions'
204,Priti
204,20130131T222257Z
204,Americans
204,perfectionist
204,cavity
204,qualification
204,visitors
204,concerts
204,promess
204,Yolodriven
204,Mean
204,Chief
204,Lennon
204,platform
204,anteroom
204,enmity
204,Ferrand
204,RSPB
204,Tripoli
204,thrillingly
204,Since
204,Walter
204,grave
204,ofnbspa
204,bloke'
204,Convention
204,Maitland
204,Future
204,Walsall
204,Ten
204,temporary
204,Tet
204,Bertolt
204,awful
204,yeah
204,international's
204,handy
204,Neale
204,Barranquilla
204,remedial
204,inviting
204,StarSpangled
204,Restructuring
204,community
204,20130131T232939Z
204,Djurgarden
204,Bromwich
204,planning
204,staunch
204,humbled
204,rhythms
204,Raheem
204,Enoh
204,quarterback
204,subsequently
204,BS
204,variations
204,selfbelief
204,Matthias
204,wikipedia
204,naughty
204,computers
204,secretly
204,4's
204,Anorthosis
204,learn
204,stung
204,representing
204,Sitton
204,Tip
204,brandy
204,addressing
204,instructions
204,notes
204,lethal
204,borough
204,DP
204,suspense
204,spring
204,generated
204,excluding
204,groomed
204,De
204,donds
204,socalled
204,obtaining
204,users
204,testy
204,traditions
204,underworld
204,loose
204,Schumer
204,hardly
204,Eh
204,complained
204,ONeill
204,G2
204,cheering
204,desperately
204,Morial
204,GB
204,packed
204,bullet
204,McLaren's
204,Fr
204,joked
204,anbsptrue
204,noted
204,forum
204,undertaking
204,Asia
204,achieved
204,occupation
204,Go
204,Platitudes
204,investors
204,enthusiasts
204,responding
204,deepest
204,succeeding
204,brave
204,Michu
204,proceedings
204,megadeal
204,II
204,contradict
204,Unemployment
204,reinforced
204,Enyaesque
204,seventh
204,Olympics
204,Beng
204,Interesting
204,withnbspa
204,Smiles
204,Je
204,USA
204,Jo
204,Strings
204,boasted
204,throbbing
204,sharp
204,milkshake
204,frontbench
204,Bent
204,strongest
204,excelled
204,mexican
204,neoclassicism
204,La
204,MC
204,links
204,entrance
204,bridging
204,Lo
204,stadiums
204,Franck
204,estate
204,42m
204,yell
204,typing
204,anbsphome
204,O2
204,condescension
204,Ms
204,raining
204,trick
204,Mercury's
204,whispers
204,airing
204,harder
204,rates
204,transport
204,requirement
204,autism
204,caller
204,Aware
204,resolutely
204,forms
204,maintain
204,establishing
204,45m
204,skills
204,backbench
204,joyful
204,Bacary
204,dumbest
204,hornbeeping
204,eye
204,Button's
204,Sandbanks
204,immoral
204,liberating
204,feels
204,argued
204,Edinson
204,statisticsbased
204,simultaneous
204,200405
204,Historically
204,Aaron
204,Re
204,nbspas
204,president's
204,SG
204,11am
204,centres
204,apps
204,SS
204,siding
204,Kirsten
204,triumph
204,horror
204,looping
204,Ry
204,consensus
204,Carroll
204,classic
204,Estero
204,splashing
204,countenance
204,metres
204,charts
204,presently
204,wealthy
204,penalties
204,developing
204,fatuous
204,arriving
204,Ta
204,operator
204,Keane's
204,occupants
204,15year
204,Spaniards
204,sharing
204,League's
204,likable
204,Markus
204,cousins
204,experimenting
204,submit
204,trumped
204,wouldbe
204,churning
204,macabre
204,Charybdis
204,peepers
204,Vi
204,impose
204,organisations
204,daunting
204,frontbencher's
204,voiced
204,Truss
204,refreshed
204,Oliver
204,Quote
204,Lyon's
204,departmental
204,hurled
204,Richie
204,XV
204,decide
204,instruments
204,greed
204,embed
204,39track
204,cryptically
204,double
204,comprising
204,Connect
204,waynbspdescribed
204,signingTony
204,vocals
204,suit
204,rested
204,chocolate
204,chorale
204,denial
204,gardening
204,employees'
204,portion
204,Kammer's
204,Particularly
204,Thames
204,receiving
204,Rodrigo
204,physician
204,climate
204,embarrassingly
204,Dan
204,pocketing
204,grid
204,rage
204,pleased
204,organizing
204,fourday
204,rescan
204,economic
204,thrall
204,fed
204,retrace
204,rumor
204,27yearold
204,Abramovich's
204,Dagestan
204,thankfully
204,quoting
204,strain
204,gruesome
204,rail
204,goings
204,Romain
204,opened
204,viewers
204,personally
204,1300
204,produces
204,risibly
204,sugar
204,darkest
204,sums
204,37th
204,Destiny's
204,popping
204,pathology
204,mucusfree
204,mixup
204,unveil
204,20130131T211735Z
204,VHS
204,Deb
204,soccer
204,MEAN
204,Dec
204,lobbying
204,cartoonishly
204,leans
204,currency's
204,matters
204,various
204,prohibitively
204,decisionmaking
204,visit
204,denied
204,multidimensional
204,Madness
204,ASAP
204,flitted
204,luckily
204,11pm
204,windownbsp
204,Swedish
204,incompetence
204,Reina
204,Rust
204,ad
204,gang
204,twonbspof
204,metaphorical
204,kneejerking
204,al
204,loosehead
204,O'leary
204,counterttacks
204,Schoenberg
204,haunted
204,pancreatitis
204,simultaneously
204,formed
204,implying
204,prove
204,rape
204,accusing
204,sudden
204,Niki
204,outstanding
204,Poor
204,Randy
204,Redcar
204,1370
204,food
204,breathy
204,Mayfair
204,Inbspwanted
204,freely
204,Henderson
204,observers
204,Negredo's
204,seenbspthe
204,language
204,woe
204,unsatisfied
204,criticise
204,Friday
204,3in
204,scary
204,andparliamentary
204,Though
204,footballers
204,Wherever
204,el
204,en
204,Hennessy
204,et
204,anbspparallel
204,IsraelPalestine
204,whiff
204,jailed
204,contrary
204,digital
204,Prelude
204,rash
204,minotaur
204,Professor
204,Fresh
204,addons
204,ho
204,welfare
204,flourish
204,Knockaert's
204,context
204,violently
204,commitments
204,advisory
204,maturity
204,civics
204,impartiality
204,somebody
204,50m
204,50p
204,exclusivity
204,clients'
204,gays
204,settlement
204,dire
204,sending
204,customary
204,Division
204,Citi
204,Saxons
204,plugged
204,delight
204,roaming
204,knew
204,tha'
204,disgruntlement
204,Frankly
204,placid
204,Walloon
204,photos
204,Jackynbspfattens
204,Read
204,faster
204,Republicans
204,wafting
204,limit
204,3rd
204,holidaying
204,rushing
204,disc
204,Charisma
204,student
204,careful
204,terrorists
204,Due
204,j'ai
204,reserve
204,oh
204,hear
204,rescue
204,occupied
204,sports
204,multilateral
204,Stout
204,Wilson
204,Reports
204,cousin
204,occupies
204,intelligent
204,20thcentury
204,luxury
204,infringement
204,threeyear
204,200506
204,rocket
204,splendid
204,registered
204,You're
204,discipline
204,extremely
204,speedhump
204,clever
204,ripping
204,hundreds
204,skyscraper
204,convincingly
204,ra
204,hedging
204,Rumour
204,Midland
204,Matthew
204,bridge
204,commentary
204,impeccable
204,groupnbspfrom
204,derided
204,seek
204,grandstanding
204,lecture
204,magnate
204,accountability
204,pierce
204,apart
204,teenager
204,st
204,necessary
204,Rees
204,Xisco
204,neighbours
204,closer
204,depressingly
204,Simply
204,Hughes
204,commercial
204,joint
204,baseless
204,reasonable
204,generations
204,Pacheco
204,austerely
204,Melbourne
204,Lisandro
204,retreating
204,um
204,Syne
204,reluctant
204,PROJECT
204,Greenwood
204,Leadsom
204,ve
204,remarkable
204,sees
204,failure
204,Specifically
204,knot
204,organise
204,vs
204,unheralded
204,filming
204,fandom
204,gap
204,overweight
204,slight
204,bouzouki
204,statistician
204,type
204,Remy
204,proof
204,plucked
204,churches
204,susceptible
204,provisions
204,Down's
204,combinations
204,readings
204,labelling
204,onenbspset
204,iWoz
204,extranbspkudos
204,tools
204,undemanding
204,3050m
204,Wharfbased
204,Modric
204,Schalkes
204,crooks
204,wellpositioned
204,precious
204,sell
204,suspect
204,brain
204,KNOWS
204,typo
204,depth
204,dividends
204,dress
204,Alejandro
204,Valbuena
204,Benteke
204,ferventenough
204,Moussa
204,create
204,directionlessly
204,curious
204,judged
204,purposes
204,anatomical
204,Deschamps
204,challenges
204,Prepared
204,thinkers
204,engaging
204,Finnish
204,factory
204,costs
204,stating
204,intent
204,treats
204,magical
204,obliges
204,Robson
204,introduces
204,undergoing
204,recruiting
204,subtly
204,Colleagues
204,thenbspendnbspthe
204,Things
204,Leyton
204,Alegre
204,Adebayor
204,entitled
204,miseries
204,youre
204,Watch
204,lights
204,Waters
204,closerange
204,Joan
204,novel
204,adopted
204,Start
204,juiced
204,Anyway
204,listlessly
204,enlarge
204,Luka
204,murder
204,fourandahalf
204,selfproclaimed
204,Jock
204,toast
204,Von
204,Spending
204,Adil
204,regional
204,40000
204,Broadway
204,Naturally
204,spotter's
204,Auld
204,Colorado
204,LFEPA's
204,minutest
204,Facebook's
204,People
204,regroup
204,halfway
204,rhythmic
204,60m
204,complaint
204,lads
204,Admit
204,hisses
204,Noring
204,magazine
204,bettered
204,himReading
204,premiered
204,channel
204,changing
204,flashes
204,qualifications
204,decisive
204,curling
204,Nelson
204,Violence
204,G4S
204,underlying
204,Square
204,intelligence
204,vigorously
204,4pm
204,Theodore
204,erotic
204,Sakho
204,appearing
204,Finally
204,OUTGOING
204,gun
204,circuit
204,American
204,gus
204,Huesca
204,queen
204,riders
204,gut
204,restrict
204,tempted
204,hiddink
204,accordingly
204,laid
204,contending
204,Marouane
204,Duckham
204,writ
204,How's
204,tide
204,possibilities
204,predecessors
204,tabloid
204,expressway
204,violins
204,Tongo
204,sustained
204,associate
204,Kane
204,65m
204,sacrifice'
204,Dizzy
204,630m
204,void
204,tutor
204,army
204,Jenkins
204,Pianonbsparchitecture
204,Eve
204,You'll
204,arms
204,basic
204,twist
204,replied
204,Lutz
204,crisisridden
204,zoomed
204,accidentally
204,indulge
204,sorely
204,ties
204,convey
204,busy
204,Cuban
204,Perez's
204,doubtful
204,68m
204,apologies
204,Celtic's
204,walk
204,quietly
204,Federer
204,refusing
204,Eastman
204,discussion
204,incidental
204,Karl
204,againstnbspWales
204,championship
204,coaching
204,thinks
204,criticising
204,discussing
204,chaos
204,separately
204,angered
204,critically
204,Hill
204,Carrow
204,Siamese
204,accident
204,Benvenuti
204,Mercedes'
204,Deeply
204,Jose
204,dimwitted
204,Deportiva
204,Josh
204,tiptoes
204,Butterfield
204,5050
204,largesse
204,isnbspfree
204,nicer
204,accounting
204,Fetch
204,basically
204,hat
204,definite
204,hyperventilating
204,congealing
204,warm
204,checks
204,Brazil's
204,wars
204,Dinamo
204,basement
204,Brown
204,exports
204,Was
204,mid1980s
204,brute
204,weapon
204,ratrace
204,cocktail
204,stronger
204,denying
204,evangelised
204,steady
204,disease
204,Altos
204,Mamadou
204,alternating
204,aorta
204,civilised
204,thenbspstyle
204,Gradually
204,20130131T220005Z
204,Hibernian's
204,illustrative
204,stationer
204,offence
204,doorstepped
204,circus
204,Women
204,evenly
204,laws
204,infamously
204,bowels
204,scrumtime
204,passenger
204,20130131T223112Z
204,ballcarrying
204,5bn
204,doubled
204,20130131T220003Z
204,sugarrush
204,aggressively
204,Rovers
204,resile
204,insultingly
204,electorate
204,editor
204,entirety
204,trainibng
204,Fen
204,Fer
204,immersed
204,20130131T220001Z
204,Wimbledon
204,Lavrov
204,hailing
204,shouting
204,Officials
204,rehearsed
204,1544
204,shenbspframes
204,values
204,Kasper
204,hopelessly
204,steals
204,Patrice
204,polished
204,SnderjyskE
204,Hillsborough
204,alternative
204,Only
204,posting
204,morally
204,debts
204,Vodafone
204,Patrick
204,throwaway
204,JeanRaymond
204,drafted
204,suppositories
204,jumps
204,beef
204,iOS
204,harvested
204,Dream
204,chic
204,appreciate
204,Audiard
204,rumbling
204,beer
204,active
204,Olympic
204,grippingnbspanecdotenbspbut
204,agile
204,firms
204,depict
204,bolddk
204,dredged
204,tonbsp
204,characteristic
204,thatnbsptherenbspisnbspanbspgood
204,cites
204,intensifying
204,Famagusta
204,dumber
204,bully
204,parental
204,subjects
204,Kitbag
204,dragged
204,popped
204,meet
204,regarded
204,privatesector
204,calls
204,restored
204,2003nbspisnbspdescribed
204,barristers
204,Alecc
204,lightening
204,prerequisite
204,failings
204,scuppering
204,Fox
204,excerpt
204,personalities
204,Kazan
204,fromnbspSo
204,deala
204,exposes
204,conceited
204,Elsewhere
204,unfinished
204,shameful
204,itchily
204,5pm
204,scrutinized
204,cappella
204,encouragement
204,fortunes
204,muscular
204,reaches
204,tracking
204,Taylor's
204,guidelines
204,Livingstone
204,Lincoln
204,funders
204,crucially
204,cofounder
204,chop
204,'This
204,20130131T234538Z
204,Hawthorns
204,hiphop
204,Freddie
204,gleefully
204,scraping
204,accompanied
204,preBeatles
204,afford
204,reached
204,Secondly
204,45rpm
204,impression
204,Individuals
204,inference
204,Kammer
204,Right
204,dealings
204,Welshman
204,products
204,buoyant
204,Fun
204,Sajid
204,playfully
204,Etienne
204,Innbspmy
204,Evertonians
204,singlehandedly
204,vuinducing
204,forged
204,Obviously
204,Nikica
204,conscience
204,garagerock
204,DAVID
204,banquet
204,cough
204,radio
204,expertly
204,Inbspusually
204,ShortList
204,dramatically
204,jolly
204,handinhand
204,Footy
204,principled
204,steps
204,header
204,Bolton
204,designation
204,present
204,belong
204,Philip
204,transform
204,andnbsppull
204,ruck
204,thenbspissuenbspre
204,spokesman
204,Leaguesized
204,DamiotoTottenham
204,regulation
204,Magaye
204,mere
204,hownbspbewildered
204,landlords
204,diktat
204,Each
204,favourites
204,Florange
204,racks
204,Valenciennes
204,CarrBarnsley
204,Corps
204,quoted
204,cover
204,makeweight
204,congratulating
204,refinement
204,Morel's
204,based
204,bets
204,intention
204,pointed
204,rude
204,fabled
204,lineouts
204,201617
204,Dumas's
204,pieces
204,personable
204,Michal
204,temperature
204,Gove's
204,rebellion
204,honour
204,reaction
204,trousers
204,HAD
204,Speaking
204,Baltimore
204,20130131T231557Z
204,Lerner
204,Sandrine
204,crumble
204,refugees
204,conditional
204,instinct
204,200304
204,clinched
204,melancholy
204,Florent
204,ruin
204,icy
204,replacing
204,Gal
204,Latin
204,Howley
204,ironed
204,soothing
204,equaliser
204,Cabaye
204,damaging
204,gulf
204,Ancelotti
204,propaganda
204,refuge
204,certainty
204,commend
204,spine
204,Someone
204,guns
204,quirky
204,critic
204,safety
204,dresses
204,Uefa's
204,phenomenal
204,eurosceptic
204,fruitless
204,backline
204,doors
204,Get
204,morenbspsonbspSo
204,triumphs
204,tracked
204,disallow
204,latenbsp1920s
204,fall
204,pictured
204,O'DriscollGordon
204,27th
204,Championships
204,HIS
204,culture
204,Unveil's
204,forgot
204,highschool
204,quotas
204,6ft
204,fewer
204,Raphal
204,preferable
204,Dont
204,optimisation
204,Dony
204,Peterborough's
204,Butnbspthis
204,Coach
204,Dome
204,Goalkeepers
204,ill
204,Stanislav
204,bynbspforeign
204,Content
204,oldfashioned
204,spinning
204,Durham
204,14th
204,wriggle
204,Manteca
204,brassy
204,Bridgeman
204,factories
204,166m
204,windy
204,Potters
204,unpick
204,listening
204,enforced
204,haunting
204,Finance
204,HMV
204,worthless
204,stages
204,growth
204,sweating
204,carrot
204,keenly
204,resolution
204,'Arry's
204,Mile
204,pregame
204,Mill
204,Might
204,adapted
204,airport
204,giggles
204,East
204,comically
204,shortly
204,Renzo
204,founding
204,vocabulary
204,Templeton
204,Mind
204,pacifist
204,Southwark
204,chemistry
204,Goh
204,embarrassment
204,disdain
204,trials
204,80m
204,workout
204,Ewood
204,citizens
204,frontal
204,HS2
204,inputs
204,alreadysuffering
204,centenary
204,'13
204,acclaim
204,Waves
204,repeating
204,featureswhich
204,Fanning
204,Ernest
204,posh
204,educational
204,Isn't
204,organises
204,retreat
204,Laurie
204,parachute
204,defences
204,hesitate
204,income
204,buyers
204,directors
204,choose
204,jeans
204,factoring
204,burgeoning
204,strikes
204,bills
204,hares
204,identify
204,perjury
204,sidekick
204,madly
204,pledge
204,SaintAndr
204,Ghanaian
204,Proportionality
204,variation
204,frock
204,delicacy
204,utterance
204,weeps
204,FX9600AT
204,RFU's
204,upnbspfrom
204,Llambias
204,SinadnbspO'Connor
204,lukewarm
204,blessing
204,Vegas
204,t'rific
204,city
204,Langley
204,slowdown
204,extravagant
204,leftbackwhoisdefinitelybetterthanAndrSantos
204,bubble
204,Former
204,Cowards's
204,cryptic
204,Indeed
204,Wallis
204,satisfaction
204,removed
204,poxy
204,Julie
204,O'Connell
204,objected
204,copied
204,copies
204,presume
204,maintained
204,couples
204,clock
204,Reaching
204,monthly
204,collect
204,News's
204,orchestrating
204,musically
204,Network's
204,Hayden
204,Loyalists
204,radical
204,deliberately
204,warnings
204,Feel
204,Figures
204,Edmund
204,minute
204,milestone
204,heartwarming
204,Faurlin
204,cannbspornbspshould
204,acts
204,histology
204,Least
204,annual
204,initiatives
204,slammed
204,containing
204,investigating
204,tickbox
204,thirdparty
204,completes
204,tallest
204,housing
204,forthright
204,predecessor
204,handed
204,visionary
204,Open
204,notion
204,elephants
204,broken
204,Thatcher's
204,deteriorated
204,Networking's
204,BIEBERFEVER
204,Londonnbspproperty
204,decisionmakers
204,armed
204,Shakhtar's
204,substitute's
204,Has
204,Wood's
204,fitter
204,dilemma
204,Vista
204,grips
204,unilluminated
204,lifetime
204,Juanma
204,thenbspbreakdown
204,helpful
204,courses
204,Stamford
204,egregious
204,thenbsporal
204,Wolves'
204,bleed
204,catalogue
204,Patitucci
204,watched
204,biopic
204,cartefully
204,forbearance
204,distance
204,attract
204,description
204,Leave
204,augmented
204,Linda
204,recession
204,Stanley
204,arrive
204,street
204,Hanns
204,Vincent
204,McChrystal
204,people's
204,learned
204,resolving
204,incestuous
204,clarification
204,Alessandrini
204,nervous
204,fringes
204,hardboiled
204,doomed
204,fancy
204,aborted
204,20130131T223002Z
204,20130131T224200Z
204,severely
204,Norwich's
204,Under21
204,'staunch'
204,chained
204,Uruguayan
204,gems
204,20130131T223003Z
204,Under19
204,Starbucks
204,harsh
204,burbles
204,vehicle
204,fruitarian
204,yoking
204,Associated
204,onSevilla's
204,missus
204,life's
204,loansigning
204,Galician
204,Sheikh
204,Competition
204,Internacional's
204,Abramovich
204,Queen's
204,cloud
204,responsibilities
204,pianist
204,Glorious
204,Rmy's
204,temporarily
204,Gouffran
204,exceptionally
204,Mormon
204,'Dave'
204,government's
204,misguided
204,'Is
204,glimpse
204,Woods
204,ropes
204,daughter
204,Castrogiovanni
204,administrator
204,Shame
204,No12
204,slapstick
204,Belgians
204,arming
204,Olivier
204,sensational
204,Nazis
204,particularities
204,diplomatic
204,Toby
204,complex
204,Sound
204,Blade
204,plant
204,Atlantic
204,flitting
204,'That's
204,civil
204,audiences
204,subsequent
204,indicate
204,Kate's
204,benefited
204,Axon
204,entered
204,chimes
204,FELLIANI
204,92m
204,Regarding
204,Power
204,performs
204,stamina
204,nonsophisticated
204,ITV
204,panicking
204,vehement
204,detention
204,contact
204,Debuchy
204,subbed
204,programming
204,Business
204,94m
204,Democrats
204,Baftimbi
204,opted
204,trained
204,symposium
204,candid
204,Khatwani
204,20130131T223000Z
204,client
204,decoy
204,directed
204,historic
204,Togo
204,captures
204,false
204,MacworldiWorld
204,Huw
204,20130131T210300Z
204,20130131T223001Z
204,halfbacks
204,merges
204,provoking
204,inhouse
204,heaping
204,crown
204,realised
204,giltedged
204,ordinary
204,unexpectedlynbspWe
204,drink
204,verdict
204,Jrmy
204,attracted
204,Senators
204,impulses
204,pursuit
204,payments
204,thinking
204,Patriot
204,nofly
204,theres
204,urgent
204,programme
204,ElnbspAlma
204,Grooveshark
204,Banner
204,composes
204,20130131T232117Z
204,predominate
204,willingness
204,Kurt
204,century
204,bassist
204,intimacies
204,debatable
204,knees
204,75000
204,Davis
204,skirts
204,split
204,directly
204,officially
204,400m
204,Terms
204,Eurovision
204,belongs
204,parents
204,Before
204,scores
204,autobiography
204,yuckier
204,enjoys
204,total
204,Unitedsupporting
204,agentsnbspandnbspthenbspcontractnbsphad
204,Europa
204,consumer
204,social
204,raised
204,cross
204,Equation
204,control
204,drill
204,declined
204,acknowledge
204,counterattacks
204,vary
204,objective
204,BIEBER
204,Never
204,reunited
204,McGeechan
204,accomplishments
204,inadequate
204,brilliance
204,remaining
204,badge
204,Papadopoulos
204,scrambled
204,surrendered
204,teens
204,transpire
204,fancies
204,DirectNews
204,conferences
204,Golden
204,surprised
204,Shorter's
204,Toto
204,footballer
204,cricket
204,appoint
204,taunting
204,confine
204,claiming
204,criticises
204,pugnacity
204,Superdome
204,sector
204,query
204,sing
204,demonstrate
204,insists
204,grapes
204,lowranking
204,records
204,Force
204,figures
204,clapping
204,Kitbagcom
204,assists
204,Pentagon
204,criticised
204,freekick
204,pairing
204,Malouda
204,Adkins
204,Fletcher
204,gentleman
204,20130131T211502Z
204,buoyed
204,reach
204,Jelavic
204,broadened
204,Donnelly
204,lightly
204,feedback
204,justify
204,dreadful
204,sighs
204,IsimatMirin
204,WrightPhillipss
204,banker
204,ironically
204,YouTube
204,deprived
204,jeopardy
204,drivers
204,managerial
204,confidentiality
204,Alexandre
204,weak
204,deflates
204,Sociedad
204,Brawn
204,sits
204,20130131T211501Z
204,deepening
204,roling
204,bigger
204,Fischer
204,indepth
204,blubs
204,leaf
204,hits
204,Reed's
204,humnbsp
204,assess
204,Keen
204,Policy
204,chickeninabasket
204,Ill
204,'didn't
204,Archers
204,routes
204,plain
204,furious
204,Ghiraldini
204,individual
204,Hildegard
204,Geoff
204,excitement
204,testimony
204,longdiscussed
204,ferocious
204,musicians
204,Google's
204,opportunity'
204,greatest
204,verynbspdifferent
204,Hartley
204,reads
204,Yoann
204,Addenbrooke's
204,resembled
204,lowbudget
204,Mindboggling
204,Valencia
204,explosive
204,Afriye's
204,spoke
204,Babel
204,fifty
204,surgeon
204,withdrawn
204,owners
204,Gender
204,lion's
204,shrugged
204,meaty
204,Waddaguy
204,andnbspsevere
204,reserves
204,endorsed
204,Totally
204,20130131T222800Z
204,imitator
204,frantic
204,Lloris
204,poorly
204,speaketh
204,hosting
204,unparalleled
204,balanced
204,elect
204,example
204,characters
204,feeding
204,stirring
204,freespirit
204,Jordan
204,raids
204,revved
204,Gripping
204,rabble
204,benches
204,Nobody
204,Exciting
204,latter's
204,heightened
204,destroyed
204,throw
204,improvising
204,pharynx
204,Bechtler's
204,confront
204,'moderate'
204,Laurence
204,illiterate
204,oncenbspkilled
204,implement
204,wheela
204,sectors
204,Doumbia
204,ofnbspSpain's
204,characterised
204,drumming
204,Keith
204,bursting
204,Ospreys
204,romantic
204,November
204,Lynch
204,ticket
204,blocks
204,versatile
204,cheer
204,splash
204,loved
204,fierce
204,middleaged
204,justifiednbspin
204,endangering
204,Kentucky
204,prohibited
204,twoCD
204,crazy
204,foreseeable
204,Varane
204,thats
204,Warning
204,Evening
204,Dray
204,What's
204,conjunction
204,irons
204,Shingler
204,Defensively
204,reminder
204,contented
204,cheap
204,produce
204,Smart
204,Madonna
204,She's
204,Very
204,communities
204,extravagance
204,klaxon
204,capital
204,minor
204,pleas
204,sated
204,employee
204,lad
204,platforms
204,He'll
204,nightmares
204,grisly
204,Phronesis
204,traffic
204,tower
204,pitched
204,lest
204,stances
204,147000
204,successive
204,naming
204,hastily
204,coincidence
204,Glenn
204,floor
204,Fitzmaurice
204,quips
204,lengthy
204,doctor
204,tapped
204,lengths
204,Serkin
204,solos
204,Edge
204,tetchy
204,Alonso's
204,integrity
204,trentesept
204,scoresnbspwith
204,ballet
204,courtesy
204,lightheaded
204,Marshal
204,items
204,m'appelle
204,BECKHAM
204,collapsed
204,document
204,Callum
204,Ashton
204,tsunami
204,scenario
204,Cunningham
204,ringer
204,Ravel
204,Foreign
204,quiz
204,Against
204,Norman
204,authenticity
204,attired
204,Noel
204,DeHavilland
204,claw
204,admitting
204,lyric
204,Bulls
204,Segundo
204,quip
204,cartwheels
204,demanded
204,fashion
204,deterrent
204,Morning
204,Companies
204,source
204,compile
204,baddie
204,preys
204,involves
204,worldclass
204,Liam
204,employing
204,precocious
204,dominated
204,consultants
204,aching
204,College
204,referendum
204,destiny
204,Sylvan
204,1951
204,1950
204,nbspcalled
204,Dame
204,perennially
204,painful
204,enhance
204,convention
204,pain
204,Walley's
204,Stevens
204,wheeze
204,suspicion
204,purchase
204,spares
204,inaugurated
204,Noir
204,1965
204,Botticelli's
204,spared
204,moussaka
204,Support
204,contemplating
204,watchword
204,remembered
204,twitter
204,1973
204,cannoned
204,Mickal
204,1971
204,recruitment
204,Fernandes'
204,payment
204,agents'
204,unnoticed
204,threw
204,taxable
204,Montgomery
204,roads
204,Mackhachkala
204,Euro
204,1987
204,Dylan
204,provide
204,geeks
204,1980
204,bids
204,meals
204,highcalibre
204,Koscielny
204,Could
204,1996
204,aided
204,low
204,1991
204,merely
204,Presidents
204,1999
204,Cooder
204,Conn
204,partyhardier
204,manoeuvring
204,Blair
204,Zero'
204,interests
204,None
204,SambaThe
204,denote
204,checked
204,'influence'
204,Lords
204,combination
204,Jol
204,sacrifice
204,sparky
204,tactical
204,illegal
204,Commentators
204,Derek
204,cohesion
204,pretax
204,nonexecutive
204,proclaims
204,anbspcouple
204,relished
204,ease
204,advocating
204,mafia
204,annbsp11
204,east
204,relief
204,park
204,Fifield's
204,Gordon
204,unbelievable
204,nondisabled
204,persuaded
204,wheeling
204,Mumford's
204,betterperforming
204,absentee
204,seeking
204,risenbsp
204,economics
204,Second
204,Swansea's
204,conceivably
204,Marconium
204,impulsive
204,crack
204,eyewatering
204,prevention
204,accepting
204,preventing
204,mile
204,ALBION
204,Dave
204,easy
204,bucket
204,Mihir
204,Laurent
204,adult
204,Dreiser
204,relative
204,23minute
204,touched
204,Lips
204,'First
204,chaotic
204,handing
204,miniaturised
204,mini
204,Blue
204,pricetag
204,9th
204,Moloney
204,showcase
204,Sorrey
204,collaborations
204,shifting
204,incumbent
204,adding
204,bracket
204,mutterings
204,intriguing
204,ostentatious
204,Early
204,occasions
204,divisive
204,squeeze
204,importance
204,Spill
204,miss
204,118pm
204,retro
204,permission
204,Expect
204,Lopes
204,recoup
204,Champ
204,brothers
204,Halftime
204,Browne
204,testified
204,mimic
204,Wenger'snbspnutritionnbspand
204,unrecorded
204,proudly
204,Ever
204,Mohamed
204,bleeds
204,broadcasting
204,opens
204,coached
204,upset
204,showmanship
204,Gonalons
204,skip
204,inflated
204,mention
204,legally
204,relishing
204,Napoleon's
204,Government
204,entrepreneurship
204,chinwagging
204,thenbspAmstrad
204,backless
204,vividly
204,adamboultguardiancouk
204,awfulness
204,20130131T230000Z
204,chairnbsp
204,videobombed
204,bonus
204,deluded
204,defending
204,residence
204,textbook
204,Alice
204,interrupted
204,innbspLondon
204,Winds
204,fences
204,millionaire
204,background
204,thriving
204,Kay
204,20130131T214501Z
204,heydays
204,repeat
204,contrasts
204,20130131T213435Z
204,Schleinzer's
204,lullaby
204,Champions
204,Ang'awa
204,contingency
204,messing
204,depend
204,sized
204,Hackett's
204,crash
204,granted
204,consummate
204,crass
204,receiver
204,Billion
204,substantial
204,andnbspstrings
204,wildabandon
204,inclusivity
204,Ken
204,Jenson
204,nihilist
204,Kev
204,LinbspSaumet
204,March
204,eliminate
204,Mitchell
204,holes
204,Military
204,everyday
204,collaboration
204,holds
204,12yearoldsnbspfor
204,Ensler's
204,suffering
204,23yearold
204,20130131T230001Z
204,owing
204,Willian
204,Sporting
204,surpassing
204,flying
204,20130131T230002Z
204,defer
204,potatoes
204,Expert
204,Curbzzzzzzz
204,18th
204,Privately
204,sarky
204,propel
204,berth
204,20130131T230003Z
204,Bourbon
204,performances
204,autumnal
204,Willie
204,Evra
204,servicesnbsp
204,recently
204,beats
204,Neither
204,Pepe
204,renewed
204,incredibly
204,Ravens
204,forever
204,Compay
204,achievement
204,fingers
204,surenbsp
204,Lieder
204,isnbspbecoming
204,Boston
204,profits
204,Tshirts
204,eyeing
204,collaborative
204,anthology
204,knowing
204,axed
204,tongue
204,churn
204,defended
204,Hamilton's
204,throwing
204,20year
204,beans
204,stint
204,aged
204,academe
204,Radio
204,haste
204,departures
204,guitars
204,sends
204,booms
204,boomy
204,ages
204,inbox
204,specifics
204,Stern
204,tours
204,youaretherefobservercouk
204,midday
204,imply
204,offset
204,Auvergne
204,sounding
204,anyone's
204,appointed
204,diehard
204,motorsport
204,billed
204,heartofgold
204,grinder
204,Soleil's
204,ministerial
204,Cicero
204,ineffective
204,whonbspsets
204,temple
204,tally
204,revised
204,providers
204,JUSTIN
204,urge
204,Symphony
204,gallons
204,July
204,dealing
204,dealine
204,merchant
204,reshape
204,Malaga
204,overload
204,contains
204,930am
204,flailing
204,rotters
204,forest
204,Authority
204,Sellar
204,Butland's
204,eloquent
204,optimistic
204,hungry
204,Qatari
204,intimidates
204,Osman
204,intimidated
204,estimating
204,evenings
204,darted
204,slam
204,Temazepam
204,legality
204,anniversary
204,Iain
204,historical
204,Styal
204,whats
204,fitness
204,province's
204,replacements
204,striker's
204,hypnotic
204,Caball
204,obligatory
204,Worst
204,capping
204,gather
204,twoclub
204,lowdown
204,blazed
204,bored
204,hardnbspto
204,Balotelli's
204,breakdown
204,Sitting
204,Iron
204,defies
204,Bakary
204,chapels
204,spirited
204,catchier
204,BirchfieldPerry
204,capitalist
204,bargaining
204,agencies
204,rice
204,Blues
204,significance
204,prodding
204,studionbspthisnbspcollection
204,visited
204,atmosphere
204,slid
204,copyright
204,rife
204,rolled
204,classy
204,Roskam's
204,moral
204,tackled
204,responsibly
204,Ryman
204,drives
204,driven
204,Barnsley's
204,crossed
204,indicated
204,McGeady
204,Merseyside
204,creators
204,tonk
204,Gillespie's
204,encourage
204,indicates
204,pesky
204,PairUbu
204,punished
204,honestly
204,Lab
204,Portsmouths
204,logic
204,Legrand
204,Winters
204,Law
204,honor
204,wingless
204,losses
204,highstakes
204,decorated
204,nee
204,DayLewis's
204,nasty
204,settings
204,positions
204,M'Vila
204,Bentez
204,boundary
204,Bladet
204,barrage
204,lightweight
204,McQueen
204,define
204,Itnbspis
204,resurrects
204,Wallabies
204,nominations
204,Find
204,Les
204,territory
204,flare
204,developments
204,echo
204,Cuerpo
204,bargain
204,Mnez
204,nip
204,Smalling
204,exchanges
204,O'LearyRichard
204,leftfooted
204,Barnwell
204,slow
204,fantastically
204,silky
204,Chelsea's
204,Donyoh
204,Roskam
204,Lib
204,Lia
204,silly
204,quibbles
204,Liz
204,sweaty
204,jazz
204,genuinely
204,19th
204,sacrificed'
204,Huddersfield
204,fittingly
204,MLS
204,flank
204,houses
204,hooking
204,commonnbspextragenital
204,serialkiller
204,filmmaker
204,yards
204,ignorance
204,50000
204,disappointingly
204,materialise
204,aspires
204,nod
204,nearly
204,admittedly
204,redundant
204,lockins
204,joinmed
204,faintly
204,20130131T230100Z
204,onehorse
204,delivery
204,Jean
204,20130131T225800Z
204,refer
204,battles
204,InbspbelievenbspChris
204,counterattack
204,flair
204,modest
204,rollup
204,Baroness
204,fullbacks
204,proudest
204,loaned
204,struggling
204,Shelley
204,liven
204,protegeprisoner
204,shlock
204,Los
204,didnt
204,minimise
204,implicit
204,liege
204,Donnacha
204,pines
204,occasionally
204,80thbirthday
204,Crown
204,Katrina
204,levels
204,O'Driscoll's
204,Intelligence
204,Alistair
204,twonk
204,anaesthetists
204,Saumet
204,letting
204,muchneeded
204,respite
204,Kyle
204,arenbspextremely
204,Marshall
204,overhaul
204,Ltd
204,acute
204,relaxed
204,25000
204,'Well
204,blunder
204,designed
204,breach
204,vocally
204,outsidehalf
204,shins
204,user
204,unfold
204,inhabitants
204,giant
204,Questions
204,Simmons
204,promotes
204,promoting
204,urging
204,turning
204,head's
204,firstever
204,brother
204,1930s
204,Juventus
204,alternate
204,rounding
204,actor
204,3nbsptenantsnbspfor
204,Dragoaonbspstadium
204,essential
204,parchment
204,audiencefocused
204,presumed
204,generosity
204,Hello
204,accounted
204,warning
204,matchwinner
204,utmost
204,Republicanleaning
204,fearsome
204,Balanchine
204,Spicer
204,Italy
204,manhood
204,mistakes
204,selfprofessed
204,mudslicked
204,personality
204,brightest
204,highlighting
204,reporting
204,costar's
204,rehearse
204,gamble
204,evasive
204,hairdo
204,publish
204,presents
204,20130131T214656Z
204,carol
204,intimidating
204,pubs
204,dictated
204,legion
204,acted
204,Vitter's
204,flipping
204,remotely
204,diagnosed
204,May
204,partyhard
204,banging
204,modifications
204,vest
204,contender
204,generally
204,Barbican
204,Fulham's
204,mattered
204,Paul's
204,modernism
204,ruling
204,Boulanger
204,relentless
204,24yearold
204,Morris
204,Alan
204,shuffled
204,undisclosed
204,Who's
204,headquarters
204,devastating
204,Playing
204,code
204,passionate
204,Boer
204,shortterm
204,informalnbsp5aside
204,considerable
204,dreamed
204,allows
204,determine
204,Britain's
204,Modibo
204,Ireland's
204,Lucas
204,Crucially
204,Mahavishnu
204,Skinner
204,wrought
204,lands
204,Bedford
204,spiritual
204,edgy
204,20130131T210700Z
204,NBC's
204,Daily
204,province
204,Remember
204,andnbsporgan
204,engines
204,estimate
204,shifts
204,Illustrated's
204,promises
204,Joshua
204,breaking
204,nods
204,bundled
204,edit
204,Alec
204,Bent's
204,Union's
204,donated
204,lifelong
204,cabaret
204,strikeforce
204,Quaker
204,Party
204,Observer
204,caution
204,garage
204,speculate
204,connected
204,threatens
204,Consultant
204,Dutch
204,briefing
204,orchestral
204,regularly
204,satisfactory
204,wardrobe
204,trophies
204,Wisborough
204,treated
204,suppose
204,20130131T223657Z
204,Momo
204,Yann
204,MoD
204,destination
204,learning
204,cold
204,establishments
204,regime
204,13nbspyears
204,Jonjo
204,Panetta
204,damn
204,premature
204,yearns
204,whirlybird
204,succeed
204,steroids
204,proportions
204,Bone
204,software
204,competition
204,pupil
204,visitors'
204,Book
204,melodrama
204,Attackers
204,Javid
204,connection
204,Eurostar
204,abandoned
204,satirically
204,Carr
204,Lancashire
204,Anfield
204,instrumental
204,Maaten
204,parlous
204,emanating
204,hormones
204,Ngaire
204,German
204,cope
204,capacity
204,dart
204,elaborated
204,drooping
204,bigmoney
204,According
204,cook
204,fornbsppianonbspand
204,unnamed
204,UEFA
204,infuse
204,Alou
204,Everton's
204,amazed
204,seaside
204,ofnbspFlemish
204,Boro
204,lastminute
204,Louisiana
204,pelvic
204,chorus
204,owe
204,inscrutable
204,date
204,magic
204,20130131T232649Z
204,21yearold
204,corn
204,murdering
204,drum
204,bottoms
204,Davis's
204,Platt
204,sunny
204,prolonged
204,ending
204,efforts
204,customers'
204,council
204,hills
204,everpresent
204,sprawl
204,Both
204,Clichy
204,undertakings
204,Move
204,hearts
204,nose
204,O'Driscoll
204,cost
204,Bracken
204,loopholes
204,dashes
204,assured
204,doubton
204,Rafael
204,Cowards
204,warchest
204,America's
204,deviations
204,pellucid
204,Upson
204,Fenway
204,wasted
204,prison
204,sister
204,whimsy
204,eliciting
204,apparent
204,20130131T220449Z
204,baked
204,Booth
204,harbour
204,carriage
204,halfvolley
204,alleged
204,Diary
204,Mozo
204,andnbspcackling
204,sharper
204,tardy
204,forests
204,Sergei
204,unprecedented
204,Purslow
204,disguise
204,Ferguson
204,hallucination
204,Inter
204,wish
204,wise
204,25yearold
204,Unless
204,conversation
204,chime
204,chainlink
204,pat
204,invitation
204,Financial
204,enormous
204,brilliantly
204,wiry
204,Compiled
204,inquired
204,candidates
204,Dear
204,claims
204,scenes
204,folks
204,Press
204,child
204,medium
204,Alabama
204,hormone
204,patronised
204,Over
204,ballcarrierinchief
204,bulletins
204,victory
204,3232
204,Backbenchers
204,insults
204,Allow
204,occurring
204,Zebo
204,Nah
204,coffee
204,strands
204,coowner
204,smuggled
204,heroes
204,portrayed
204,47yearold
204,pen
204,revive
204,Diame
204,Phil
204,Berry
204,birth
204,Halfpenny
204,breath's
204,Essentially
204,loving
204,Elizabeth
204,selloff
204,150200
204,indication
204,Faurln
204,nattering
204,blackmail
204,fivestar
204,journalistic
204,kinds
204,Lampard
204,meltdown
204,interestrate
204,peer
204,Quick
204,convulsively
204,robust
204,Gordian
204,peek
204,Billy's
204,attributes
204,Blockbuster
204,Choice
204,manner
204,pic
204,Paulo
204,judgment
204,pin
204,motif
204,terror
204,Salmon
204,Bosque
204,guaranteed
204,indiscriminate
204,Wilshere
204,Three
204,Craig
204,rarely
204,forthcoming
204,disagrees
204,Peckham
204,afoot
204,represents
204,Woman's
204,electropop
204,kicked
204,academics
204,Qualitative
204,Meelan
204,English
204,kicker
204,Mathieson's
204,springlike
204,displayed
204,Christoper
204,Dems
204,steadfastly
204,abnormal
204,Barritt
204,actions
204,Arsene
204,facts
204,Underpinning
204,excuse
204,escape
204,receive
204,toenails
204,Telegraph
204,implied
204,No1
204,No7
204,representatives
204,Tube
204,Anything
204,others'
204,Manager
204,Marcelo
204,pronounced
204,pastime
204,Andrew
204,uncomfortable
204,Ruaridh
204,verynbspbemusednbspat
204,Milan's
204,Bleus
204,Palestinians'
204,freak
204,retired
204,pipes
204,wasnbspremoved
204,windows
204,pts
204,typical
204,prostate
204,Towers
204,notorious
204,Tuff
204,infant
204,mocking
204,Danilo
204,goalscoring
204,ESPN's
204,junior
204,bungled
204,valuable
204,White's
204,mired
204,tabs
204,Rrepublican
204,overreliance
204,theme
204,fiasco
204,classics
204,touching
204,scouting
204,helmed
204,12month
204,Quite
204,facility
204,sliding
204,Lowedesigned
204,whistles
204,listen
204,hitman
204,answering
204,pussy
204,funds
204,encumbrances
204,Goalcom
204,suitability
204,acclaimed
204,tree
204,flooding
204,YATR
204,Saha
204,Hacker
204,banking
204,Victor
204,frighten
204,eighth
204,secondhalf
204,followup
204,Liverpool's
204,fulfilling
204,selflessly
204,hurry
204,account
204,uneasy
204,Sundays
204,Claire
204,sinews
204,Congratulations
204,Burke
204,sofa
204,festival
204,loyal
204,20130131T221502Z
204,combo
204,Said
204,sticklers
204,Mississippi
204,route
204,flexible
204,20130131T221501Z
204,Oklahoma
204,Cuthbert
204,soil
204,bottle
204,prerecorded
204,involvement
204,disparity
204,consisted
204,passim
204,spare
204,committing
204,stepmother
204,Hall
204,represent
204,20130131T220300Z
204,Rising
204,correctly
204,Rome
204,designated
204,Bennett
204,Owen
204,absurd
204,prior
204,Wires
204,strapless
204,Roma
204,Nevertheless
204,scrums
204,landmark
204,Pier
204,commonly
204,dispossessing
204,2001
204,blithely
204,Gather
204,contradictory
204,budgets
204,electrified
204,immediate
204,Incorrect
204,additional
204,2006
204,insouciance
204,PDF
204,dottednbsparoundnbspthe
204,Burch
204,Room
204,1950s
204,Visser
204,respects
204,championships
204,2017
204,irrepressibly
204,tighthead
204,2016
204,injection
204,tweeting
204,subtlest
204,Patel
204,explain
204,Aiden
204,rightfooted
204,Godsway
204,answers
204,Developer
204,rogues
204,Odd
204,b's
204,Ode
204,demolition
204,offlimits
204,disbelief
204,culprit
204,neverseen
204,cancelled
204,physicality
204,preposterously
204,summed
204,malefemale
204,Emenalo
204,Introduced
204,streaming
204,tracksuit
204,incidents
204,butts
204,Ross
204,elimination
204,twothirds
204,health
204,attackers
204,positive
204,Nobunny
204,corrected
204,rental
204,o'clock
204,Medeiros
204,205m
204,backlash
204,Andr
204,bottomless
204,heterogeneous
204,smile
204,Greenwald
204,confused
204,sequestration
204,host
204,Tchoyi
204,seriously
204,experiences
204,mucus
204,rankings
204,blitz
204,horn
204,specialist
204,sore
204,greats
204,Congress
204,brainstifling
204,thenbspband
204,phones
204,schoolboy
204,mostwatched
204,rented
204,toughasnails
204,extraordinary
204,Independent
204,villa
204,armament
204,20130131T210724Z
204,Cambridge
204,Wednesday's
204,PMs
204,trample
204,negligible
204,sticking
204,setback
204,fashioned
204,taxi
204,savvy
204,millionpound
204,psychotic
204,professionalism
204,Zlatan
204,Heineken
204,PPI
204,increments
204,trainers
204,excess
204,arrowed
204,Hurricane
204,Stekelenburg
204,31year
204,Inquiry
204,Redknapps
204,Yohan
204,Jesse
204,Connor
204,meticulously
204,Cowardlike
204,Goehr's
204,Thompson
204,httpstwittercomggreenwaldstatus297024658698555392
204,devotees
204,admirable
204,Glendenning
204,apologises
204,mountainous
204,channels
204,Santos
204,systematically
204,conflict
204,midfielderwinger
204,loudly
204,installed
204,derivative
204,Gilroy
204,BYOBB
204,Teed
204,Phoenix
204,Anne
204,summary
204,feline
204,surfaced
204,buyout
204,degrees
204,technology's
204,briefly
204,hints
204,focusing
204,agree
204,imagination
204,Our
204,resistance
204,AlexandernbspGoehr
204,broadcast
204,regions
204,hoped
204,requests
204,antiAmerican
204,overconfident
204,Bafta
204,demonstrated
204,finger
204,jutting
204,holocaust
204,Australian
204,damaged
204,masterly
204,minority
204,tight
204,arrange
204,Defoe
204,depart
204,Malika
204,published
204,accidents
204,Karim
204,collision
204,electropercussive
204,acerbic
204,thrilling
204,membership
204,Hayley
204,rechained
204,Thenbspperformancesnbspunder
204,Jeffrey
204,Emmerdale
204,resources
204,trades
204,unheard
204,Rolani
204,ambassador
204,unveiled
204,references
204,Tommaso
204,sorts
204,ran
204,Holloway
204,throbs
204,withered
204,lighting
204,Kieron
204,multilaterally
204,ringing
204,throat
204,essence
204,Definitely
204,uncertainty
204,Under17s
204,20130131T210007Z
204,Udall
204,Von's
204,posted
204,Shengman
204,rolling
204,dual
204,targeted
204,generalised
204,departments
204,Colombia's
204,awarded
204,Under18s
204,swing
204,desperation
204,childcare
204,Fernando
204,scout
204,register
204,offended
204,Chieftains
204,Glasgow
204,Brad
204,agreeing
204,shortage
204,nbsplanbspcarte
204,yearbook
204,finish
204,helped
204,imperfections
204,Botero
204,fauxexcitement
204,Walking
204,ads
204,exec
204,Bridge
204,rifle
204,Heathrow
204,Orbits
204,'Global
204,prevent
204,poppunk
204,laser
204,periphery
204,incapable
204,recorder
204,mitts
204,Whisky
204,crap
204,Tuilagi's
204,moves
204,feminist
204,tights
204,multimillionpound
204,tendency
204,rid
204,faults
204,muscles
204,connects
204,Mackintosh
204,reinforce
204,decline
204,Back
204,aconites
204,algorithm
204,whistle
204,lipsynched
204,melody
204,animated
204,Xabi
204,presenting
204,sleeves
204,aid
204,Wharf
204,200809
204,anbsptriumph
204,sophistication
204,retain
204,Brittany
204,threechord
204,steadily
204,firstly
204,infected
204,craving
204,pivots
204,spoiled
204,Wrong
204,royal
204,Macaskill
204,calcified
204,Seville
204,Atnbspany
204,Sundance
204,closure
204,Shooby
204,faulted
204,conducted
204,rumour
204,contemporary
204,oneonone
204,nonnews
204,Diarra
204,mouthed
204,Argentinian
204,potty
204,tacit
204,weakness
204,commented
204,subjective
204,anbspwealthy
204,ans
204,hails
204,Kristin
204,ladder
204,reliant
204,starring
204,dull
204,accurate
204,taste
204,Feature
204,Mall
204,Midfielders
204,margin
204,nail
204,wangle
204,man's
204,Dyer's
204,pancreatic
204,49ers
204,calculations
204,choices
204,increased
204,northwest
204,Hagelsaid
204,matching
204,trolley
204,Scottish
204,Star
204,blogposts
204,arm
204,'whiskey'
204,art
204,thoughtful
204,excellently
204,Wickham
204,describes
204,curls
204,calm
204,Gueye
204,mincing
204,strength
204,Curtis
204,reportedly
204,justified
204,louche
204,mother
204,mouse
204,ate
204,rewriting
204,Look
204,bonanza
204,travelling
204,taboo
204,footage
204,flashy
204,pedicurists
204,Bundesliga
204,overlooking
204,pranksters
204,Jealous
204,lopsided
204,Judge
204,Barr
204,mood
204,Camellias
204,aux
204,reflections
204,boom
204,furore
204,Sandro
204,spuds
204,negative
204,ally
204,vinyl
204,Mary
204,sensing
204,Salome
204,racecourse
204,resting
204,Interested
204,momentum
204,acrobatic
204,restricted
204,Word
204,Euros
204,Maxime
204,Parisse
204,leaden
204,axe
204,broad
204,interjecting
204,1960s
204,Seagal
204,greater
204,Whitehall
204,it'll
204,Vickers
204,sticks
204,failing
204,excessive
204,matched
204,card
204,George's
204,boss
204,Busoni
204,Carol
204,ingenuous
204,glorious
204,cooking
204,protect
204,makebelieve
204,heels
204,kill
204,beautifully
204,NOBODY
204,Antaki
204,yarn
204,Irvine
204,Stokies
204,habits
204,spiked
204,vests
204,talent
204,connections
204,rogue
204,package
204,Warwickshire
204,nerve
204,Carlinhos
204,affecting
204,nononsense
204,malaria
204,bowl
204,understands
204,ovation
204,Minchin
204,patient
204,Sumner
204,almostfive
204,reject
204,phony
204,depressing
204,profit
204,Congolese
204,sap
204,deviate
204,sax
204,Huntingdon
204,Hodge's
204,treating
204,Claim
204,emulating
204,mentor
204,Dyer
204,foreignnbspinvestment
204,completing
204,kiss
204,bat
204,fluid
204,colourfully
204,McKay
204,unsustainable
204,Anyone
204,Hollywood
204,delay
204,switched
204,Enjoying
204,abuse
204,icon
204,buildup
204,proven
204,proves
204,containment
204,slogans
204,frazzles
204,honoured
204,cool'
204,Upton
204,compared
204,Liberal
204,fastest
204,Pegasus
204,biography
204,procedure
204,Kenya
204,Stirrup
204,Yeah
204,earnest
204,Reputations
204,shrewder
204,Firstly
204,jobless
204,bed
204,beauty
204,MP428
204,Whichever
204,twonbspofnbspGoehr's
204,snubbed
204,resonant
204,Wollaston
204,feller
204,coach's
204,lipsyncing
204,deep
204,shy
204,deed
204,salaries
204,undermines
204,jersey
204,ballot
204,Robinson
204,halfdozen
204,20130131T232901Z
204,steering
204,firsthand
204,stroke
204,comprehensive
204,manifestations
204,frustrated
204,select
204,bin
204,hoodies
204,Bayern
204,50sish
204,prebuttal
204,improved
204,socialite
204,striking
204,recognise
204,model
204,overexerting
204,Somen
204,screwed
204,rocksolid
204,Mogadon
204,200910
204,Hilco
204,edging
204,Lobster
204,intercept
204,exclusively
204,Cates
204,reconsider
204,distilled
204,Possibly
204,deja
204,beergut
204,Jonnie
204,Woven
204,tradition
204,congregate
204,prefers
204,Barclays
204,RMC
204,20130131T215500Z
204,gossipy
204,Frank
204,improvements
204,constant
204,snatches
204,downgrade
204,anger
204,Mandanda
204,proceeds
204,reviewed
204,Barack
204,novice
204,tumbleweed
204,discretion
204,keywordoptimised
204,Islamic
204,permanently
204,relevant
204,fuelled
204,sipping
204,withering
204,clarifications
204,comprised
204,infinitely
204,Denials
204,switch
204,gritted
204,Hampshire
204,hedges
204,prices
204,missive
204,unfortunate
204,nature
204,101
204,Afriye
204,D'Onofrio
204,syphilisnbsp
204,eighthour
204,stance
204,counts
204,county
204,stood
204,fighting
204,Ruddy
204,112
204,draws
204,societies
204,deny
204,McCarthy
204,closely
204,Herald
204,pleasure
204,OxladeChamberlain
204,glory
204,Imani
204,mission
204,Bastia
204,plunged
204,smuggle
204,sub
204,Responding
204,20130131T224502Z
204,overcome
204,Emmanuel
204,Listen
204,Churchill
204,delve
204,extended
204,subWarnie
204,Xbox
204,scrumhalf
204,preferred
204,surreal
204,slipping
204,20130131T224501Z
204,brutes
204,12m
204,bud
204,instincts
204,contacts
204,O'Leary
204,Bosnian
204,Defenders
204,Hodgson's
204,waffles
204,unequal
204,advocate
204,150
204,Leigh
204,28yearold
204,noises
204,enhanced
204,tube
204,Venus
204,desk
204,sellers'
204,military's
204,Anna's
204,Archer
204,173
204,rebuffed
204,Dobbie
204,brutal
204,socialist
204,band's
204,Galicia
204,weaken
204,Hugh
204,bye
204,187
204,flute
204,Hugo
204,streets
204,17m
204,191
204,shrinking
204,Further
204,roar
204,buffs
204,roam
204,drank
204,rightly
204,18m
204,element'
204,baseline
204,Next
204,flag
204,sympathetic
204,languid
204,Blunkett
204,Dobson
204,flat
204,Cushion'
204,disrespectful
204,variously
204,1970s
204,emailed
204,digging
204,suggest
204,Tactically
204,drummer
204,filter
204,Sometimes
204,rejoined
204,responses
204,behaviour
204,argument
204,incipient
204,Ministry
204,hopeful
204,leasing
204,Hunt
204,seething
204,teammates
204,conspicuous
204,saga
204,alarmed
204,indirect
204,filed
204,wraps
204,recast
204,presidential
204,Ellerker
204,cab
204,SAY
204,hedge
204,oligarch's
204,cap
204,DunneJay
204,floating
204,alarm
204,rival
204,tends
204,misinterpreted
203,muster
203,campaigning
203,tripping
203,loyalists
203,Yacht
203,quipped
203,postDave
203,Walters
203,bother
203,47
203,unseating
203,lined
203,stuff
203,cereal
203,extent
203,wry
203,annoying
203,choke
203,rules
203,Macmillan
203,recommission
203,disparate
203,advising
203,sooner
203,Under
203,aspiring
203,Technicolor
203,pope
203,barking
203,derision
203,masterminded
203,unseated
203,headway
203,Cities
203,wellplaced
203,scathing
203,leaked
203,hugely
203,advised
203,1989
203,Thatcher
203,beaten
203,command
203,Archer's
203,multimillionaire
203,widespread
203,Afriyie's
203,travel
203,trot
203,stalking
203,ongoing
203,metaphorically
203,Miliband
203,unpopular
203,analogy
203,simple
203,heartened
203,educated
203,cardinals
203,horse
